, sugar, ginger, garam masala, ghee, curry leaves, jaggery, urad dal,Rice flour, milk, tomato, garam masala powder, mustard oil,Chana dal, sesame seeds, saffron, turmeric, coconut,Whole wheat flour, clarified butter, cardamom, gram flour, mustard seeds, lemon juice, garlic, potato,Urad dal, baking soda,Rice, salt,Wheat flour,name,ingredients,diet,prep_time,cook_time,flavor_profile,course,state,region,list of ingred,clust
0,1.0,0.0,0.0,0.0,0.0,0.0,0.0,0.0,0.0,0.0,0.0,0.0,0.0,0.0,0.0,0.0,0.0,0.0,0.0,0.0,0.0,0.0,0.0,0.0,0.0,0.0,0.0,0.0,0.0,0.0,Balu shahi,"Maida flour, yogurt, oil, sugar",1,2,25,4,0,West Bengal,1,"['Maida flour', ' yogurt', ' oil', ' sugar']",3
1,1.0,0.0,0.0,1.0,0.0,0.0,0.0,0.0,0.0,0.0,0.0,0.0,0.0,0.0,0.0,0.0,0.0,0.0,0.0,0.0,0.0,0.0,0.0,0.0,0.0,0.0,0.0,0.0,0.0,0.0,Boondi,"Gram flour, ghee, sugar",1,2,30,4,0,Rajasthan,6,"['Gram flour', ' ghee', ' sugar']",8
2,1.0,0.0,0.0,1.0,0.0,0.0,0.0,0.0,1.0,0.0,0.0,0.0,0.0,0.0,0.0,0.0,0.0,0.0,0.0,0.0,0.0,0.0,0.0,0.0,0.0,0.0,0.0,0.0,0.0,0.0,Gajar ka halwa,"Carrots, milk, sugar, ghee, cashews, raisins",1,1,60,4,0,Punjab,3,"['Carrots', ' milk', ' sugar', ' ghee', ' cashews', ' raisins']",1
3,1.0,0.0,0.0,1.0,0.0,0.0,0.0,0.0,1.0,0.0,0.0,0.0,0.0,0.0,1.0,0.0,0.0,0.0,1.0,0.0,0.0,0.0,0.0,0.0,0.0,0.0,0.0,0.0,0.0,0.0,Ghevar,"Flour, ghee, kewra, milk, clarified butter, sugar, almonds, pistachio, saffron, green cardamom",1,1,30,4,0,Rajasthan,6,"['Flour', ' ghee', ' kewra', ' milk', ' clarified butter', ' sugar', ' almonds', ' pistachio', ' saffron', ' green cardamom']",8
4,1.0,0.0,0.0,1.0,0.0,0.0,0.0,0.0,1.0,0.0,0.0,0.0,0.0,0.0,0.0,0.0,0.0,0.0,0.0,0.0,0.0,0.0,0.0,0.0,0.0,0.0,0.0,0.0,0.0,0.0,Gulab jamun,"Milk powder, plain flour, baking powder, ghee, milk, sugar, water, rose water",1,1,40,4,0,West Bengal,1,"['Milk powder', ' plain flour', ' baking powder', ' ghee', ' milk', ' sugar', ' water', ' rose water']",3
5,0.0,0.0,0.0,0.0,0.0,0.0,0.0,0.0,0.0,0.0,0.0,0.0,0.0,0.0,0.0,0.0,0.0,0.0,0.0,0.0,0.0,0.0,0.0,0.0,0.0,0.0,0.0,0.0,0.0,0.0,Imarti,"Sugar syrup, lentil flour",1,0,50,4,0,West Bengal,1,"['Sugar syrup', ' lentil flour']",12
6,0.0,0.0,0.0,0.0,0.0,0.0,0.0,0.0,0.0,0.0,0.0,0.0,0.0,0.0,1.0,1.0,0.0,0.0,0.0,1.0,0.0,0.0,0.0,0.0,0.0,0.0,1.0,0.0,0.0,0.0,Jalebi,"Maida, corn flour, baking soda, vinegar, curd, water, turmeric, saffron, cardamom",1,0,50,4,0,Uttar Pradesh,3,"['Maida', ' corn flour', ' baking soda', ' vinegar', ' curd', ' water', ' turmeric', ' saffron', ' cardamom']",1
7,1.0,0.0,0.0,1.0,0.0,0.0,0.0,0.0,0.0,0.0,0.0,0.0,0.0,0.0,0.0,0.0,0.0,0.0,0.0,1.0,0.0,0.0,0.0,0.0,0.0,0.0,0.0,0.0,0.0,0.0,Kaju katli,"Cashews, ghee, cardamom, sugar",1,0,20,4,0,Neutral,2,"['Cashews', ' ghee', ' cardamom', ' sugar']",12
8,1.0,0.0,0.0,0.0,0.0,0.0,0.0,0.0,0.0,0.0,0.0,0.0,0.0,0.0,0.0,0.0,0.0,0.0,0.0,0.0,0.0,0.0,0.0,0.0,0.0,0.0,0.0,0.0,0.0,0.0,Kalakand,"Milk, cottage cheese, sugar",1,1,30,4,0,West Bengal,1,"['Milk', ' cottage cheese', ' sugar']",3
9,1.0,0.0,0.0,0.0,0.0,0.0,0.0,0.0,0.0,0.0,0.0,0.0,0.0,0.0,0.0,0.0,0.0,0.0,0.0,0.0,0.0,0.0,0.0,0.0,0.0,0.0,0.0,0.0,0.0,0.0,Kheer,"Milk, rice, sugar, dried fruits",1,0,40,4,0,Neutral,2,"['Milk', ' rice', ' sugar', ' dried fruits']",12
10,1.0,0.0,0.0,1.0,0.0,0.0,0.0,0.0,0.0,0.0,0.0,0.0,0.0,0.0,0.0,0.0,0.0,0.0,0.0,0.0,0.0,0.0,0.0,0.0,0.0,0.0,0.0,0.0,0.0,0.0,Laddu,"Gram flour, ghee, sugar",1,0,40,4,0,Neutral,2,"['Gram flour', ' ghee', ' sugar']",12
11,1.0,0.0,0.0,0.0,0.0,0.0,0.0,0.0,1.0,0.0,0.0,0.0,0.0,0.0,0.0,0.0,0.0,0.0,0.0,0.0,0.0,0.0,0.0,0.0,0.0,0.0,0.0,0.0,0.0,0.0,Lassi,"Yogurt, milk, nuts, sugar",1,0,5,4,0,Punjab,3,"['Yogurt', ' milk', ' nuts', ' sugar']",1
12,0.0,0.0,0.0,1.0,0.0,0.0,0.0,0.0,0.0,0.0,0.0,0.0,0.0,0.0,0.0,0.0,0.0,0.0,0.0,0.0,0.0,0.0,0.0,0.0,0.0,0.0,0.0,0.0,0.0,0.0,Nankhatai,"Refined flour, besan, ghee, powdered sugar, yoghurt, green cardamom",1,1,30,4,0,Neutral,2,"['Refined flour', ' besan', ' ghee', ' powdered sugar', ' yoghurt', ' green cardamom']",12
13,1.0,0.0,0.0,0.0,0.0,0.0,0.0,0.0,0.0,0.0,0.0,0.0,0.0,0.0,0.0,0.0,0.0,0.0,0.0,0.0,0.0,0.0,0.0,0.0,0.0,0.0,0.0,0.0,0.0,0.0,Petha,"Firm white pumpkin, sugar, kitchen lime, alum powder",1,0,30,4,0,Uttar Pradesh,3,"['Firm white pumpkin', ' sugar', ' kitchen lime', ' alum powder']",1
14,1.0,0.0,0.0,0.0,0.0,0.0,0.0,0.0,0.0,0.0,0.0,0.0,0.0,0.0,0.0,0.0,0.0,0.0,0.0,0.0,0.0,0.0,0.0,0.0,0.0,0.0,0.0,1.0,0.0,0.0,Phirni,"Rice, sugar, nuts",1,2,20,4,0,Odisha,1,"['Rice', ' sugar', ' nuts']",3
15,1.0,0.0,0.0,0.0,0.0,0.0,0.0,0.0,0.0,0.0,0.0,0.0,0.0,0.0,0.0,0.0,0.0,0.0,0.0,0.0,0.0,0.0,0.0,0.0,0.0,0.0,0.0,0.0,0.0,0.0,Rabri,"Condensed milk, sugar, spices, nuts",1,0,45,4,0,Uttar Pradesh,3,"['Condensed milk', ' sugar', ' spices', ' nuts']",1
16,0.0,0.0,0.0,1.0,0.0,0.0,0.0,0.0,1.0,0.0,0.0,0.0,0.0,0.0,0.0,0.0,0.0,0.0,0.0,0.0,0.0,0.0,0.0,0.0,0.0,0.0,0.0,0.0,0.0,0.0,Sheera,"Semolina, ghee, nuts, milk",1,0,25,4,0,Maharashtra,6,"['Semolina', ' ghee', ' nuts', ' milk']",11
17,0.0,0.0,0.0,0.0,0.0,0.0,0.0,0.0,0.0,0.0,0.0,0.0,0.0,0.0,0.0,0.0,1.0,0.0,0.0,0.0,0.0,0.0,0.0,0.0,0.0,0.0,0.0,0.0,0.0,0.0,Singori,"Khoa, coconut, molu leaf",1,0,20,4,0,Uttarakhand,3,"['Khoa', ' coconut', ' molu leaf']",1
18,0.0,0.0,0.0,1.0,0.0,0.0,0.0,0.0,0.0,0.0,0.0,0.0,0.0,0.0,0.0,0.0,0.0,0.0,0.0,0.0,0.0,0.0,0.0,0.0,0.0,0.0,0.0,0.0,0.0,0.0,Sohan halwa,"Corn flour, ghee, dry fruits",1,0,60,4,0,Uttar Pradesh,3,"['Corn flour', ' ghee', ' dry fruits']",1
19,1.0,0.0,0.0,1.0,0.0,0.0,0.0,0.0,1.0,0.0,0.0,0.0,0.0,0.0,0.0,0.0,0.0,0.0,0.0,1.0,0.0,0.0,0.0,0.0,0.0,0.0,0.0,0.0,0.0,0.0,Sohan papdi,"Gram flour, ghee, sugar, milk, cardamom",1,0,60,4,0,Maharashtra,6,"['Gram flour', ' ghee', ' sugar', ' milk', ' cardamom']",11
20,1.0,0.0,0.0,1.0,0.0,0.0,0.0,0.0,0.0,0.0,0.0,0.0,0.0,0.0,0.0,0.0,0.0,0.0,0.0,0.0,0.0,0.0,0.0,0.0,0.0,0.0,0.0,0.0,0.0,0.0,Chhena jalebi,"Chhena, sugar, ghee",1,0,50,4,0,Odisha,1,"['Chhena', ' sugar', ' ghee']",12
21,1.0,0.0,0.0,0.0,0.0,0.0,0.0,0.0,1.0,0.0,0.0,0.0,0.0,0.0,0.0,0.0,0.0,0.0,0.0,0.0,0.0,0.0,0.0,0.0,0.0,0.0,0.0,0.0,0.0,0.0,Chhena kheeri,"Chhena, sugar, milk",1,0,60,4,0,Odisha,1,"['Chhena', ' sugar', ' milk']",12
22,0.0,0.0,0.0,0.0,0.0,0.0,0.0,0.0,0.0,0.0,0.0,0.0,0.0,0.0,0.0,0.0,0.0,0.0,0.0,0.0,0.0,0.0,0.0,0.0,0.0,0.0,0.0,0.0,0.0,0.0,Chhena poda,"Sugar, chenna cheese",1,0,45,4,0,Odisha,1,"['Sugar', ' chenna cheese']",12
23,1.0,0.0,0.0,0.0,0.0,0.0,0.0,0.0,0.0,0.0,0.0,0.0,0.0,0.0,1.0,0.0,0.0,0.0,0.0,0.0,0.0,0.0,1.0,0.0,0.0,0.0,0.0,0.0,0.0,0.0,Cham cham,"Flour, cream, sugar, saffron, lemon juice, coconut flakes",1,2,60,4,0,West Bengal,1,"['Flour', ' cream', ' sugar', ' saffron', ' lemon juice', ' coconut flakes']",3
24,1.0,0.0,0.0,0.0,0.0,0.0,0.0,0.0,0.0,0.0,0.0,0.0,0.0,0.0,1.0,0.0,0.0,0.0,0.0,1.0,0.0,0.0,0.0,0.0,0.0,0.0,0.0,0.0,0.0,0.0,Kheer sagar,"Chenna, condensed milk, sugar, saffron, cardamom",1,1,60,4,0,Odisha,1,"['Chenna', ' condensed milk', ' sugar', ' saffron', ' cardamom']",3
25,1.0,0.0,0.0,1.0,0.0,0.0,0.0,0.0,0.0,0.0,0.0,0.0,0.0,0.0,0.0,0.0,0.0,0.0,0.0,0.0,0.0,0.0,0.0,0.0,0.0,0.0,0.0,0.0,0.0,0.0,Ledikeni,"Chhena, sugar, ghee",1,2,45,4,0,West Bengal,1,"['Chhena', ' sugar', ' ghee']",3
26,0.0,0.0,0.0,0.0,0.0,0.0,0.0,0.0,0.0,0.0,0.0,0.0,0.0,0.0,0.0,0.0,0.0,0.0,0.0,0.0,0.0,0.0,0.0,0.0,0.0,0.0,0.0,0.0,0.0,0.0,Lyangcha,"Flour, fried milk power, sugar syrup",1,1,30,4,0,Assam,4,"['Flour', ' fried milk power', ' sugar syrup']",1
27,0.0,0.0,0.0,1.0,0.0,0.0,0.0,0.0,0.0,0.0,0.0,0.0,0.0,0.0,0.0,0.0,0.0,0.0,0.0,0.0,0.0,0.0,0.0,0.0,0.0,0.0,0.0,0.0,0.0,0.0,Malapua,"Yoghurt, refined flour, ghee, fennel seeds",1,0,120,4,0,Bihar,3,"['Yoghurt', ' refined flour', ' ghee', ' fennel seeds']",1
28,1.0,0.0,0.0,1.0,0.0,0.0,0.0,0.0,0.0,0.0,0.0,0.0,0.0,0.0,0.0,0.0,0.0,0.0,0.0,0.0,0.0,0.0,0.0,0.0,0.0,0.0,0.0,0.0,0.0,0.0,Mihidana,"Besan flour, sugar, ghee",1,1,30,4,0,West Bengal,1,"['Besan flour', ' sugar', ' ghee']",3
29,0.0,0.0,0.0,0.0,0.0,1.0,0.0,0.0,0.0,0.0,0.0,0.0,0.0,0.0,0.0,0.0,0.0,0.0,0.0,0.0,0.0,0.0,0.0,0.0,0.0,0.0,0.0,0.0,0.0,0.0,Misti doi,"Milk, jaggery",1,2,30,4,0,West Bengal,1,"['Milk', ' jaggery']",3
30,1.0,0.0,0.0,1.0,0.0,0.0,0.0,0.0,0.0,0.0,0.0,0.0,0.0,0.0,0.0,0.0,0.0,0.0,0.0,0.0,0.0,0.0,0.0,0.0,0.0,0.0,0.0,0.0,0.0,0.0,Pantua,"Chhena, sugar, ghee, flour",1,2,45,4,0,West Bengal,1,"['Chhena', ' sugar', ' ghee', ' flour']",3
31,0.0,0.0,0.0,0.0,0.0,0.0,0.0,1.0,0.0,0.0,0.0,0.0,0.0,0.0,0.0,0.0,0.0,0.0,0.0,0.0,0.0,0.0,0.0,0.0,0.0,0.0,0.0,0.0,0.0,0.0,Pithe,"Rice flour, wheat flour",1,1,35,4,0,Assam,4,"['Rice flour', ' wheat flour']",1
32,0.0,0.0,0.0,0.0,0.0,0.0,0.0,0.0,0.0,0.0,0.0,0.0,0.0,0.0,0.0,0.0,0.0,0.0,0.0,0.0,0.0,0.0,0.0,0.0,0.0,0.0,0.0,0.0,0.0,0.0,Rasabali,"Chenna, sweetened milk",1,1,30,4,0,Odisha,1,"['Chenna', ' sweetened milk']",3
33,0.0,0.0,0.0,0.0,0.0,0.0,0.0,0.0,0.0,0.0,0.0,0.0,0.0,0.0,0.0,0.0,0.0,0.0,0.0,0.0,0.0,0.0,0.0,0.0,0.0,0.0,0.0,0.0,0.0,0.0,Ras malai,"Chhena, reduced milk, pistachio",1,2,60,4,0,West Bengal,1,"['Chhena', ' reduced milk', ' pistachio']",3
34,1.0,0.0,0.0,0.0,0.0,0.0,0.0,0.0,0.0,0.0,0.0,0.0,0.0,0.0,0.0,0.0,0.0,0.0,0.0,1.0,0.0,0.0,0.0,0.0,0.0,0.0,0.0,0.0,0.0,0.0,Rasgulla,"Chhena, sugar, cardamom",1,0,90,4,0,West Bengal,1,"['Chhena', ' sugar', ' cardamom']",12
35,1.0,0.0,0.0,0.0,0.0,0.0,0.0,0.0,0.0,0.0,0.0,0.0,0.0,0.0,1.0,0.0,0.0,0.0,0.0,1.0,0.0,0.0,0.0,0.0,0.0,0.0,0.0,0.0,0.0,0.0,Sandesh,"Milk, sugar, saffron, cardamom",1,2,20,4,0,West Bengal,1,"['Milk', ' sugar', ' saffron', ' cardamom']",3
36,0.0,0.0,0.0,1.0,0.0,1.0,0.0,1.0,0.0,0.0,0.0,0.0,0.0,0.0,0.0,0.0,0.0,0.0,0.0,0.0,0.0,0.0,0.0,0.0,0.0,0.0,0.0,0.0,0.0,0.0,Adhirasam,"Rice flour, jaggery, ghee, vegetable oil, elachi",1,0,50,4,0,West Bengal,1,"['Rice flour', ' jaggery', ' ghee', ' vegetable oil', ' elachi']",12
37,0.0,0.0,0.0,1.0,0.0,1.0,0.0,1.0,0.0,0.0,0.0,0.0,0.0,0.0,0.0,0.0,0.0,0.0,0.0,0.0,0.0,0.0,0.0,0.0,0.0,0.0,0.0,0.0,0.0,0.0,Ariselu,"Rice flour, jaggery, ghee",1,1,75,4,0,Andhra Pradesh,5,"['Rice flour', ' jaggery', ' ghee']",8
38,1.0,0.0,0.0,1.0,0.0,1.0,0.0,0.0,0.0,0.0,0.0,0.0,0.0,0.0,0.0,0.0,0.0,0.0,0.0,0.0,0.0,0.0,0.0,0.0,0.0,0.0,0.0,0.0,0.0,0.0,Bandar laddu,"Besan, jaggery, cardamom powder, ghee, cashews and raisins, jaggery syrup, sugar",1,0,35,4,0,Andhra Pradesh,5,"['Besan', ' jaggery', ' cardamom powder', ' ghee', ' cashews and raisins', ' jaggery syrup', ' sugar']",11
39,0.0,0.0,0.0,0.0,0.0,1.0,0.0,0.0,0.0,0.0,0.0,0.0,0.0,0.0,0.0,0.0,0.0,0.0,0.0,0.0,0.0,0.0,0.0,0.0,0.0,0.0,0.0,0.0,0.0,0.0,Chikki,"Peanuts, jaggery",1,0,20,4,0,Maharashtra,6,"['Peanuts', ' jaggery']",11
40,0.0,0.0,0.0,0.0,0.0,0.0,0.0,0.0,0.0,0.0,0.0,0.0,0.0,0.0,0.0,0.0,0.0,0.0,0.0,0.0,0.0,0.0,0.0,0.0,0.0,0.0,0.0,0.0,0.0,0.0,Dharwad pedha,"Milk, Sugar, Dharwadi buffalo milk",1,1,60,4,0,Karnataka,5,"['Milk', ' Sugar', ' Dharwadi buffalo milk']",8
41,0.0,0.0,0.0,0.0,0.0,0.0,0.0,0.0,1.0,0.0,0.0,0.0,0.0,0.0,0.0,0.0,0.0,0.0,0.0,0.0,0.0,0.0,0.0,0.0,0.0,0.0,0.0,0.0,0.0,0.0,Double ka meetha,"Loaf bread, milk",1,1,30,4,0,Telangana,5,"['Loaf bread', ' milk']",8
42,1.0,0.0,0.0,1.0,0.0,0.0,0.0,1.0,0.0,0.0,0.0,0.0,0.0,0.0,0.0,0.0,0.0,0.0,0.0,0.0,0.0,0.0,0.0,0.0,0.0,0.0,0.0,0.0,1.0,0.0,Gavvalu,"Rice flour, sugar, salt, ghee, semolina",1,0,30,4,0,Andhra Pradesh,5,"['Rice flour', ' sugar', ' salt', ' ghee', ' semolina']",11
43,1.0,0.0,0.0,0.0,0.0,0.0,0.0,0.0,0.0,0.0,0.0,0.0,0.0,0.0,0.0,0.0,0.0,0.0,0.0,0.0,0.0,0.0,0.0,0.0,0.0,0.0,0.0,0.0,0.0,1.0,Kakinada khaja,"Wheat flour, sugar",1,0,30,4,0,Andhra Pradesh,5,"['Wheat flour', ' sugar']",11
44,0.0,0.0,0.0,0.0,0.0,0.0,0.0,0.0,0.0,0.0,0.0,0.0,0.0,0.0,0.0,0.0,0.0,0.0,0.0,0.0,0.0,0.0,0.0,0.0,0.0,0.0,0.0,0.0,0.0,0.0,Kuzhi paniyaram,"Black lentils, rice",1,0,20,4,0,Kerala,5,"['Black lentils', ' rice']",11
45,1.0,0.0,0.0,1.0,0.0,1.0,0.0,0.0,0.0,0.0,0.0,0.0,0.0,0.0,0.0,0.0,1.0,0.0,0.0,0.0,0.0,0.0,0.0,0.0,0.0,0.0,0.0,0.0,0.0,0.0,Mysore pak,"Besan flour, semolina, mung bean, jaggery, coconut, skimmed milk powder, sugar, ghee",1,0,20,4,0,Karnataka,5,"['Besan flour', ' semolina', ' mung bean', ' jaggery', ' coconut', ' skimmed milk powder', ' sugar', ' ghee']",11
46,0.0,0.0,0.0,1.0,0.0,1.0,0.0,0.0,0.0,0.0,0.0,0.0,0.0,0.0,0.0,1.0,1.0,0.0,0.0,1.0,0.0,0.0,0.0,0.0,0.0,0.0,0.0,0.0,0.0,0.0,Obbattu holige,"Maida flour, turmeric, coconut, chickpeas, jaggery, ghee, cardamom",1,2,60,4,1,Karnataka,5,"['Maida flour', ' turmeric', ' coconut', ' chickpeas', ' jaggery', ' ghee', ' cardamom']",8
47,0.0,0.0,0.0,0.0,0.0,0.0,0.0,1.0,1.0,0.0,0.0,0.0,0.0,0.0,0.0,0.0,0.0,0.0,0.0,0.0,0.0,0.0,0.0,0.0,0.0,0.0,0.0,0.0,0.0,0.0,Palathalikalu,"Rice flour, milk",1,0,25,4,0,Andhra Pradesh,5,"['Rice flour', ' milk']",11
48,0.0,0.0,0.0,0.0,0.0,1.0,0.0,0.0,0.0,0.0,0.0,0.0,1.0,0.0,0.0,0.0,0.0,0.0,0.0,0.0,0.0,0.0,0.0,0.0,0.0,0.0,0.0,0.0,0.0,0.0,Poornalu,"Chana dal, jaggery",1,2,60,4,0,Andhra Pradesh,5,"['Chana dal', ' jaggery']",8
49,0.0,0.0,0.0,1.0,0.0,1.0,0.0,0.0,0.0,0.0,0.0,0.0,0.0,0.0,0.0,0.0,0.0,0.0,0.0,0.0,0.0,0.0,0.0,0.0,0.0,0.0,0.0,1.0,0.0,0.0,Pongal,"Rice, jaggery, cashews, ghee",1,0,20,4,0,Tamil Nadu,5,"['Rice', ' jaggery', ' cashews', ' ghee']",11
50,0.0,0.0,0.0,1.0,0.0,0.0,0.0,1.0,0.0,0.0,0.0,0.0,0.0,0.0,0.0,0.0,0.0,0.0,0.0,0.0,0.0,0.0,0.0,0.0,0.0,0.0,0.0,0.0,0.0,0.0,Pootharekulu,"Rice flour, powdered sugar, ghee",1,0,60,4,0,Andhra Pradesh,5,"['Rice flour', ' powdered sugar', ' ghee']",11
51,0.0,0.0,0.0,0.0,0.0,0.0,0.0,0.0,0.0,0.0,0.0,0.0,0.0,0.0,0.0,0.0,0.0,0.0,0.0,0.0,0.0,0.0,0.0,0.0,0.0,0.0,0.0,0.0,0.0,0.0,Qubani ka meetha,"Apricots, sugar syrup",1,0,20,4,0,Telangana,5,"['Apricots', ' sugar syrup']",11
52,0.0,0.0,0.0,0.0,0.0,0.0,0.0,0.0,1.0,0.0,0.0,0.0,0.0,0.0,0.0,0.0,0.0,0.0,0.0,0.0,0.0,0.0,0.0,0.0,0.0,0.0,0.0,0.0,0.0,0.0,Sheer korma,"Vermicelli pudding, milk",1,0,20,4,0,Telangana,5,"['Vermicelli pudding', ' milk']",11
53,0.0,0.0,0.0,0.0,0.0,1.0,0.0,1.0,0.0,0.0,0.0,0.0,0.0,0.0,0.0,0.0,1.0,0.0,0.0,0.0,0.0,0.0,0.0,0.0,0.0,0.0,0.0,0.0,0.0,0.0,Unni Appam,"Rice flour, banana, jaggery, coconut",1,0,20,4,0,Tamil Nadu,5,"['Rice flour', ' banana', ' jaggery', ' coconut']",11
54,0.0,0.0,0.0,0.0,0.0,1.0,0.0,1.0,0.0,0.0,0.0,0.0,0.0,0.0,0.0,0.0,1.0,0.0,0.0,0.0,0.0,0.0,0.0,0.0,0.0,0.0,0.0,0.0,0.0,0.0,Kajjikaya,"Rice flour, jaggery, coconut",1,2,15,4,0,Andhra Pradesh,5,"['Rice flour', ' jaggery', ' coconut']",8
55,0.0,0.0,0.0,0.0,0.0,1.0,0.0,1.0,0.0,0.0,0.0,0.0,0.0,0.0,0.0,0.0,0.0,0.0,0.0,0.0,0.0,0.0,0.0,0.0,0.0,0.0,0.0,0.0,0.0,0.0,Anarsa,"Rice flour, jaggery, khus-khus seeds",1,0,50,4,0,Maharashtra,6,"['Rice flour', ' jaggery', ' khus-khus seeds']",11
56,0.0,0.0,0.0,0.0,0.0,0.0,0.0,0.0,1.0,0.0,0.0,0.0,0.0,0.0,0.0,0.0,0.0,0.0,0.0,0.0,0.0,0.0,0.0,0.0,0.0,0.0,0.0,0.0,0.0,0.0,Basundi,"Sugar, milk, nuts",1,0,35,4,0,Gujarat,6,"['Sugar', ' milk', ' nuts']",11
57,0.0,0.0,0.0,0.0,0.0,0.0,0.0,0.0,0.0,0.0,0.0,0.0,0.0,0.0,0.0,0.0,0.0,0.0,0.0,0.0,0.0,0.0,0.0,0.0,0.0,0.0,0.0,0.0,0.0,0.0,Dhondas,"Cucumber, rava",1,0,50,4,0,Maharashtra,6,"['Cucumber', ' rava']",11
58,1.0,0.0,0.0,0.0,0.0,0.0,0.0,0.0,0.0,0.0,0.0,0.0,0.0,0.0,0.0,0.0,0.0,0.0,0.0,0.0,0.0,0.0,0.0,0.0,0.0,0.0,0.0,0.0,0.0,0.0,Doodhpak,"Milk, rice, sugar, dry fruits",1,0,60,4,0,Gujarat,6,"['Milk', ' rice', ' sugar', ' dry fruits']",11
59,1.0,0.0,0.0,0.0,0.0,0.0,0.0,0.0,0.0,0.0,0.0,0.0,0.0,0.0,0.0,0.0,0.0,0.0,0.0,0.0,0.0,0.0,0.0,0.0,0.0,0.0,0.0,0.0,0.0,0.0,Mahim halwa,"Semolina, sugar",1,0,25,4,0,Maharashtra,6,"['Semolina', ' sugar']",11
60,0.0,0.0,0.0,0.0,0.0,0.0,0.0,1.0,0.0,0.0,0.0,0.0,0.0,0.0,0.0,0.0,1.0,0.0,0.0,0.0,0.0,0.0,0.0,0.0,0.0,0.0,0.0,0.0,0.0,0.0,Modak,"Rice flour, coconut, jaggery ",1,0,15,4,0,Maharashtra,6,"['Rice flour', ' coconut', ' jaggery ']",11
61,0.0,0.0,0.0,1.0,0.0,0.0,0.0,0.0,0.0,0.0,0.0,0.0,0.0,0.0,0.0,0.0,0.0,0.0,0.0,0.0,0.0,0.0,0.0,0.0,0.0,0.0,0.0,0.0,0.0,0.0,Shankarpali,"Sugar, ghee, maida flour, semolina",1,0,35,4,0,Maharashtra,6,"['Sugar', ' ghee', ' maida flour', ' semolina']",11
62,1.0,0.0,0.0,0.0,0.0,0.0,0.0,0.0,0.0,0.0,0.0,0.0,0.0,0.0,1.0,0.0,0.0,0.0,0.0,1.0,0.0,0.0,0.0,0.0,0.0,0.0,0.0,0.0,0.0,0.0,Shrikhand,"Curd, sugar, saffron, cardamom",1,0,720,4,0,Maharashtra,6,"['Curd', ' sugar', ' saffron', ' cardamom']",11
63,1.0,0.0,0.0,1.0,0.0,0.0,0.0,0.0,0.0,0.0,0.0,0.0,0.0,0.0,0.0,0.0,0.0,0.0,0.0,0.0,0.0,0.0,0.0,0.0,0.0,0.0,0.0,0.0,0.0,0.0,Sutar feni,"Maida, sugar, ghee",1,1,55,4,0,Maharashtra,6,"['Maida', ' sugar', ' ghee']",8
64,0.0,1.0,0.0,0.0,0.0,0.0,0.0,0.0,0.0,1.0,0.0,0.0,0.0,0.0,0.0,0.0,0.0,0.0,0.0,0.0,0.0,0.0,0.0,1.0,0.0,0.0,0.0,0.0,0.0,0.0,Maach Jhol,"Fish, potol, tomato, chillies, ginger, garlic",0,0,40,3,1,Assam,4,"['Fish', ' potol', ' tomato', ' chillies', ' ginger', ' garlic']",14
65,0.0,0.0,0.0,0.0,0.0,0.0,0.0,0.0,0.0,0.0,0.0,0.0,0.0,0.0,0.0,0.0,0.0,0.0,0.0,0.0,0.0,0.0,0.0,0.0,0.0,0.0,0.0,0.0,0.0,0.0,Pork Bharta,"Boiled pork, onions, chillies, ginger and garlic",0,0,0,3,1,Tripura,4,"['Boiled pork', ' onions', ' chillies', ' ginger and garlic']",14
66,1.0,0.0,0.0,0.0,0.0,0.0,0.0,0.0,1.0,0.0,0.0,0.0,0.0,0.0,0.0,0.0,0.0,0.0,0.0,1.0,0.0,0.0,0.0,0.0,0.0,0.0,0.0,1.0,0.0,0.0,Chak Hao Kheer,"Rice, milk, sugar, cardamom",1,2,45,4,0,Manipur,4,"['Rice', ' milk', ' sugar', ' cardamom']",8
67,0.0,0.0,0.0,0.0,0.0,0.0,0.0,0.0,0.0,0.0,0.0,0.0,0.0,0.0,0.0,0.0,0.0,0.0,0.0,0.0,0.0,0.0,0.0,0.0,0.0,0.0,0.0,1.0,1.0,0.0,Galho,"Rice, axone, salt, water, chillies, pork",0,0,15,3,1,Nagaland,4,"['Rice', ' axone', ' salt', ' water', ' chillies', ' pork']",14
68,0.0,0.0,1.0,0.0,1.0,0.0,0.0,0.0,0.0,0.0,0.0,0.0,0.0,0.0,0.0,1.0,0.0,0.0,0.0,0.0,0.0,0.0,0.0,0.0,1.0,0.0,0.0,0.0,0.0,0.0,Aloo gobi,"Cauliflower, potato, garam masala, turmeric, curry leaves",1,0,20,3,1,Punjab,3,"['Cauliflower', ' potato', ' garam masala', ' turmeric', ' curry leaves']",0
69,0.0,0.0,1.0,0.0,0.0,0.0,0.0,1.0,0.0,0.0,0.0,0.0,0.0,0.0,0.0,0.0,0.0,0.0,0.0,0.0,0.0,0.0,0.0,0.0,1.0,0.0,0.0,0.0,1.0,0.0,Aloo tikki,"Rice flour, potato, bread crumbs, garam masala, salt",1,0,20,3,1,Punjab,3,"['Rice flour', ' potato', ' bread crumbs', ' garam masala', ' salt']",0
70,0.0,1.0,1.0,0.0,0.0,0.0,0.0,0.0,0.0,0.0,0.0,0.0,0.0,0.0,0.0,0.0,0.0,0.0,0.0,0.0,0.0,0.0,0.0,1.0,0.0,0.0,0.0,0.0,0.0,0.0,Aloo matar,"Potato, peas, chillies, ginger, garam masala, garlic",1,0,40,3,1,Punjab,3,"['Potato', ' peas', ' chillies', ' ginger', ' garam masala', ' garlic']",0
71,0.0,0.0,0.0,0.0,0.0,0.0,0.0,0.0,0.0,0.0,0.0,0.0,0.0,0.0,0.0,0.0,0.0,0.0,0.0,0.0,0.0,0.0,0.0,0.0,0.0,0.0,0.0,0.0,1.0,0.0,Aloo methi,"Potato, fenugreek leaves, chillies, salt, oil",1,0,40,1,1,Punjab,3,"['Potato', ' fenugreek leaves', ' chillies', ' salt', ' oil']",7
72,0.0,0.0,1.0,0.0,0.0,0.0,0.0,0.0,0.0,0.0,0.0,0.0,0.0,0.0,0.0,0.0,0.0,0.0,0.0,0.0,0.0,0.0,0.0,0.0,0.0,0.0,0.0,0.0,1.0,0.0,Aloo shimla mirch,"Potato, shimla mirch, garam masala, amchur powder, salt",1,0,40,3,1,Punjab,3,"['Potato', ' shimla mirch', ' garam masala', ' amchur powder', ' salt']",0
73,0.0,0.0,0.0,0.0,0.0,0.0,0.0,0.0,0.0,0.0,0.0,0.0,0.0,0.0,0.0,0.0,0.0,0.0,0.0,0.0,0.0,0.0,0.0,0.0,0.0,0.0,1.0,0.0,0.0,0.0,Bhatura,"Chole, rava, yogurt, plain flour, baking soda",1,1,20,3,1,Punjab,3,"['Chole', ' rava', ' yogurt', ' plain flour', ' baking soda']",9
74,0.0,0.0,1.0,0.0,0.0,0.0,0.0,0.0,0.0,0.0,0.0,0.0,0.0,0.0,0.0,0.0,0.0,0.0,0.0,0.0,0.0,0.0,0.0,0.0,0.0,0.0,0.0,0.0,0.0,0.0,Bhindi masala,"Ladies finger, garam masala, kasuri methi, tomatoes, chili powder",1,1,30,3,1,Punjab,3,"['Ladies finger', ' garam masala', ' kasuri methi', ' tomatoes', ' chili powder']",0
75,0.0,0.0,0.0,0.0,0.0,0.0,0.0,0.0,0.0,0.0,0.0,0.0,0.0,0.0,0.0,0.0,0.0,0.0,0.0,0.0,0.0,0.0,0.0,0.0,0.0,0.0,0.0,0.0,0.0,0.0,Biryani,"Chicken thighs, basmati rice, star anise, sweet, green chillies",0,2,120,3,1,Telangana,5,"['Chicken thighs', ' basmati rice', ' star anise', ' sweet', ' green chillies']",2
76,0.0,0.0,0.0,0.0,0.0,0.0,0.0,0.0,0.0,0.0,1.0,0.0,0.0,0.0,0.0,0.0,0.0,0.0,0.0,0.0,0.0,0.0,0.0,0.0,0.0,0.0,0.0,0.0,0.0,0.0,Butter chicken,"Chicken, greek yogurt, cream, garam masala powder, cashew nuts, butter",0,0,35,3,1,NCT of Delhi,3,"['Chicken', ' greek yogurt', ' cream', ' garam masala powder', ' cashew nuts', ' butter']",14
77,0.0,1.0,1.0,0.0,0.0,0.0,0.0,0.0,0.0,0.0,0.0,0.0,0.0,0.0,0.0,0.0,0.0,0.0,0.0,0.0,0.0,0.0,0.0,0.0,0.0,0.0,0.0,0.0,0.0,0.0,Chana masala,"Chickpeas, tomato paste, garam masala, ginger, red onion, avocado oil",1,1,30,3,1,Punjab,3,"['Chickpeas', ' tomato paste', ' garam masala', ' ginger', ' red onion', ' avocado oil']",0
78,0.0,0.0,0.0,0.0,0.0,0.0,0.0,0.0,0.0,0.0,0.0,0.0,0.0,0.0,0.0,0.0,0.0,1.0,0.0,0.0,0.0,0.0,0.0,0.0,0.0,0.0,0.0,0.0,0.0,0.0,Chapati,"Whole wheat flour, olive oil, hot water, all purpose flour",1,0,10,0,1,Maharashtra,6,"['Whole wheat flour', ' olive oil', ' hot water', ' all purpose flour']",4
79,0.0,0.0,0.0,0.0,0.0,0.0,0.0,0.0,0.0,0.0,1.0,0.0,0.0,1.0,1.0,0.0,0.0,0.0,0.0,0.0,0.0,0.0,0.0,0.0,0.0,0.0,0.0,0.0,0.0,0.0,Chicken razala,"Chicken, dahi, sesame seeds, garam masala powder, cashew nuts, saffron",0,0,35,3,1,West Bengal,1,"['Chicken', ' dahi', ' sesame seeds', ' garam masala powder', ' cashew nuts', ' saffron']",10
80,0.0,0.0,1.0,0.0,0.0,0.0,0.0,0.0,0.0,0.0,0.0,0.0,0.0,0.0,0.0,0.0,0.0,0.0,0.0,0.0,0.0,0.0,0.0,0.0,0.0,0.0,0.0,0.0,0.0,0.0,Chicken Tikka masala,"Naan bread, tomato sauce, skinless chicken breasts, heavy cream, garam masala",0,0,50,3,1,Punjab,3,"['Naan bread', ' tomato sauce', ' skinless chicken breasts', ' heavy cream', ' garam masala']",0
81,0.0,0.0,0.0,0.0,0.0,0.0,0.0,0.0,0.0,0.0,1.0,0.0,0.0,0.0,0.0,0.0,0.0,0.0,0.0,0.0,0.0,0.0,0.0,0.0,0.0,0.0,0.0,0.0,0.0,0.0,Chicken Tikka,"Chicken, whole wheat bread, rice flour, garam masala powder, whole egg",0,2,45,3,3,Punjab,3,"['Chicken', ' whole wheat bread', ' rice flour', ' garam masala powder', ' whole egg']",9
82,0.0,0.0,1.0,0.0,0.0,0.0,0.0,0.0,0.0,0.0,0.0,0.0,0.0,0.0,0.0,0.0,0.0,0.0,0.0,0.0,0.0,0.0,0.0,0.0,0.0,0.0,0.0,0.0,0.0,0.0,Chole bhature,"Chole, bhatura, garam masala, bay leaf, cinnamon stick",1,1,30,3,1,Punjab,3,"['Chole', ' bhatura', ' garam masala', ' bay leaf', ' cinnamon stick']",0
83,0.0,0.0,0.0,0.0,0.0,0.0,0.0,0.0,0.0,0.0,0.0,0.0,0.0,0.0,0.0,0.0,0.0,0.0,0.0,0.0,0.0,0.0,0.0,0.0,0.0,0.0,0.0,0.0,0.0,0.0,Daal baati churma,"Moong dal, masoor dal, chana dal, wheat flour, almond",1,0,90,3,1,Rajasthan,6,"['Moong dal', ' masoor dal', ' chana dal', ' wheat flour', ' almond']",13
84,0.0,0.0,0.0,0.0,0.0,0.0,0.0,0.0,0.0,0.0,1.0,0.0,0.0,0.0,0.0,0.0,0.0,0.0,0.0,0.0,0.0,0.0,0.0,1.0,0.0,0.0,0.0,0.0,0.0,0.0,Daal puri,"Moong dal, garam masala powder, garlic, green chilli, all purpose flour",1,2,30,3,1,West Bengal,1,"['Moong dal', ' garam masala powder', ' garlic', ' green chilli', ' all purpose flour']",10
85,0.0,0.0,1.0,0.0,0.0,0.0,1.0,0.0,0.0,0.0,0.0,0.0,0.0,0.0,0.0,0.0,0.0,0.0,0.0,0.0,0.0,0.0,0.0,0.0,0.0,0.0,0.0,0.0,0.0,0.0,Dal makhani ,"Red kidney beans, urad dal, cream, garam masala, chili powder",1,0,60,4,1,Punjab,3,"['Red kidney beans', ' urad dal', ' cream', ' garam masala', ' chili powder']",0
86,0.0,1.0,1.0,0.0,0.0,0.0,0.0,0.0,0.0,0.0,0.0,0.0,0.0,0.0,0.0,0.0,0.0,0.0,0.0,0.0,0.0,0.0,0.0,0.0,0.0,0.0,0.0,0.0,0.0,0.0,Dal tadka,"Pigeon peas, garam masala, ginger, red onion, kasuri methi",1,0,30,3,1,Punjab,3,"['Pigeon peas', ' garam masala', ' ginger', ' red onion', ' kasuri methi']",0
87,0.0,0.0,1.0,0.0,0.0,0.0,0.0,0.0,0.0,0.0,0.0,0.0,0.0,0.0,0.0,0.0,0.0,0.0,0.0,0.0,0.0,0.0,0.0,0.0,0.0,0.0,0.0,0.0,0.0,0.0,Dum aloo,"Baby potatoes, garam masala, cashew nuts, kasuri methi, tomatoes",1,1,50,3,1,Jammu & Kashmir,3,"['Baby potatoes', ' garam masala', ' cashew nuts', ' kasuri methi', ' tomatoes']",0
88,0.0,0.0,0.0,0.0,1.0,0.0,0.0,0.0,0.0,0.0,0.0,0.0,0.0,0.0,0.0,0.0,0.0,0.0,0.0,0.0,0.0,0.0,1.0,0.0,1.0,0.0,0.0,0.0,0.0,0.0,Poha,"Beaten rice flakes, potato, curry leaves, green chilies, lemon juice",1,1,30,3,2,Maharashtra,6,"['Beaten rice flakes', ' potato', ' curry leaves', ' green chilies', ' lemon juice']",2
89,0.0,0.0,0.0,0.0,0.0,0.0,0.0,0.0,0.0,0.0,1.0,0.0,1.0,0.0,0.0,0.0,0.0,0.0,0.0,0.0,0.0,0.0,0.0,0.0,0.0,0.0,0.0,0.0,0.0,0.0,Fara,"Chana dal, whole wheat flour, arhar dal, white urad dal, garam masala powder",1,0,60,3,2,Chhattisgarh,0,"['Chana dal', ' whole wheat flour', ' arhar dal', ' white urad dal', ' garam masala powder']",10
90,0.0,0.0,1.0,0.0,0.0,0.0,0.0,0.0,0.0,0.0,0.0,0.0,0.0,0.0,0.0,0.0,0.0,0.0,0.0,0.0,0.0,0.0,0.0,0.0,0.0,0.0,0.0,0.0,0.0,0.0,Kachori,"Moong dal, rava, garam masala, dough, fennel seeds",1,2,60,3,2,Uttar Pradesh,3,"['Moong dal', ' rava', ' garam masala', ' dough', ' fennel seeds']",9
91,0.0,0.0,1.0,0.0,0.0,0.0,0.0,0.0,0.0,0.0,0.0,0.0,0.0,0.0,0.0,0.0,0.0,0.0,0.0,0.0,0.0,0.0,0.0,0.0,0.0,0.0,0.0,0.0,0.0,0.0,Kadai paneer,"Cottage cheese, bell peppers, gravy, garam masala, cashew nuts",1,1,30,3,1,Punjab,3,"['Cottage cheese', ' bell peppers', ' gravy', ' garam masala', ' cashew nuts']",0
92,0.0,1.0,0.0,0.0,1.0,0.0,0.0,0.0,0.0,0.0,1.0,0.0,0.0,0.0,0.0,0.0,0.0,0.0,0.0,0.0,1.0,0.0,0.0,0.0,0.0,0.0,0.0,0.0,0.0,0.0,Kadhi pakoda,"Besan, garam masala powder, gram flour, ginger, curry leaves",1,0,60,3,1,Haryana,3,"['Besan', ' garam masala powder', ' gram flour', ' ginger', ' curry leaves']",0
93,0.0,0.0,0.0,0.0,0.0,0.0,0.0,0.0,0.0,0.0,1.0,0.0,0.0,0.0,0.0,0.0,0.0,0.0,0.0,0.0,0.0,0.0,0.0,0.0,0.0,0.0,0.0,0.0,0.0,0.0,Karela bharta,"Bitter gourd, fennel, garam masala powder, chili powder, amchur powder",1,1,50,1,1,Punjab,3,"['Bitter gourd', ' fennel', ' garam masala powder', ' chili powder', ' amchur powder']",7
94,0.0,1.0,0.0,0.0,0.0,0.0,0.0,0.0,0.0,1.0,0.0,0.0,0.0,0.0,0.0,0.0,0.0,0.0,0.0,0.0,0.0,0.0,0.0,0.0,0.0,0.0,0.0,0.0,0.0,0.0,Khichdi,"Moong dal, green peas, ginger, tomato, green chili",1,2,20,3,1,Neutral,2,"['Moong dal', ' green peas', ' ginger', ' tomato', ' green chili']",9
95,0.0,0.0,1.0,0.0,0.0,0.0,0.0,0.0,0.0,0.0,0.0,0.0,0.0,0.0,0.0,0.0,0.0,0.0,0.0,0.0,0.0,0.0,0.0,0.0,1.0,0.0,0.0,0.0,0.0,0.0,Kofta,"Paneer, potato, cream, corn flour, garam masala",1,1,40,3,1,Uttar Pradesh,3,"['Paneer', ' potato', ' cream', ' corn flour', ' garam masala']",0
96,1.0,0.0,0.0,0.0,0.0,0.0,0.0,0.0,0.0,0.0,0.0,0.0,0.0,0.0,1.0,0.0,0.0,0.0,0.0,0.0,0.0,0.0,0.0,0.0,0.0,0.0,0.0,0.0,0.0,0.0,Kulfi falooda,"Rose syrup, falooda sev, mixed nuts, saffron, sugar",1,2,25,4,0,Neutral,2,"['Rose syrup', ' falooda sev', ' mixed nuts', ' saffron', ' sugar']",3
97,0.0,1.0,0.0,0.0,0.0,0.0,0.0,0.0,0.0,0.0,1.0,0.0,0.0,0.0,0.0,0.0,0.0,0.0,0.0,0.0,1.0,0.0,0.0,0.0,0.0,0.0,0.0,0.0,0.0,0.0,Lauki ke kofte,"Bottle gourd, garam masala powder, gram flour, ginger, chillies",1,1,40,3,1,Uttar Pradesh,3,"['Bottle gourd', ' garam masala powder', ' gram flour', ' ginger', ' chillies']",0
98,0.0,1.0,1.0,0.0,0.0,0.0,0.0,0.0,0.0,0.0,0.0,0.0,0.0,0.0,0.0,0.0,0.0,0.0,0.0,0.0,0.0,0.0,0.0,0.0,0.0,0.0,0.0,0.0,0.0,0.0,Lauki ki subji,"Bottle gourd, coconut oil, garam masala, ginger, green chillies",1,0,20,3,1,Neutral,2,"['Bottle gourd', ' coconut oil', ' garam masala', ' ginger', ' green chillies']",0
99,0.0,0.0,0.0,0.0,0.0,0.0,0.0,0.0,0.0,1.0,0.0,0.0,0.0,0.0,0.0,0.0,0.0,0.0,0.0,0.0,0.0,0.0,0.0,0.0,0.0,0.0,0.0,0.0,0.0,1.0,Litti chokha,"Wheat flour, roasted gram flour, tomato, nigella seeds, chilli",1,2,60,3,1,Bihar,3,"['Wheat flour', ' roasted gram flour', ' tomato', ' nigella seeds', ' chilli']",9
100,0.0,1.0,1.0,0.0,0.0,0.0,0.0,0.0,0.0,0.0,0.0,0.0,0.0,0.0,0.0,0.0,0.0,0.0,0.0,0.0,0.0,0.0,0.0,0.0,0.0,0.0,0.0,0.0,0.0,0.0,Makki di roti sarson da saag,"Palak, makki atta, mustard green, garam masala, ginger",1,1,30,3,1,Punjab,3,"['Palak', ' makki atta', ' mustard green', ' garam masala', ' ginger']",0
101,0.0,0.0,0.0,0.0,0.0,0.0,0.0,0.0,0.0,0.0,0.0,0.0,0.0,0.0,0.0,0.0,0.0,1.0,0.0,0.0,0.0,0.0,0.0,0.0,0.0,0.0,0.0,0.0,0.0,0.0,Misi roti,"Whole wheat flour, chickpea flour, green chilies",1,2,30,3,1,Punjab,3,"['Whole wheat flour', ' chickpea flour', ' green chilies']",9
102,0.0,1.0,1.0,0.0,0.0,0.0,0.0,0.0,0.0,0.0,0.0,0.0,0.0,0.0,0.0,0.0,0.0,0.0,0.0,0.0,0.0,0.0,0.0,0.0,0.0,0.0,0.0,0.0,0.0,0.0,Mushroom do pyaza,"Mushroom, malai, garam masala, ginger, capsicum",1,0,30,3,1,Punjab,3,"['Mushroom', ' malai', ' garam masala', ' ginger', ' capsicum']",0
103,0.0,0.0,1.0,0.0,0.0,0.0,0.0,0.0,0.0,0.0,0.0,0.0,0.0,0.0,0.0,0.0,0.0,0.0,0.0,0.0,0.0,0.0,0.0,0.0,0.0,0.0,0.0,0.0,0.0,0.0,Mushroom matar,"Canned coconut milk, frozen green peas, wild mushrooms, garam masala, tomatoes",1,0,30,3,1,Punjab,3,"['Canned coconut milk', ' frozen green peas', ' wild mushrooms', ' garam masala', ' tomatoes']",0
104,0.0,0.0,0.0,0.0,0.0,0.0,0.0,0.0,0.0,0.0,0.0,0.0,0.0,0.0,0.0,0.0,0.0,1.0,0.0,0.0,0.0,0.0,0.0,1.0,0.0,0.0,0.0,0.0,0.0,0.0,Naan,"Whole wheat flour, honey, butter, garlic",1,2,30,0,1,Punjab,3,"['Whole wheat flour', ' honey', ' butter', ' garlic']",6
105,0.0,0.0,0.0,0.0,0.0,0.0,0.0,0.0,0.0,0.0,1.0,0.0,0.0,0.0,0.0,0.0,0.0,0.0,0.0,0.0,0.0,0.0,0.0,0.0,0.0,0.0,0.0,0.0,0.0,0.0,Navrattan korma,"Green beans, potatoes, khus khus, low fat, garam masala powder",1,1,40,3,1,Uttar Pradesh,3,"['Green beans', ' potatoes', ' khus khus', ' low fat', ' garam masala powder']",9
106,0.0,0.0,1.0,0.0,0.0,0.0,0.0,0.0,0.0,0.0,0.0,0.0,0.0,0.0,0.0,0.0,0.0,0.0,0.0,0.0,0.0,0.0,0.0,0.0,0.0,0.0,0.0,0.0,0.0,0.0,Palak paneer,"Cottage cheese, palak, cream, garam masala, butter",1,1,40,3,1,Punjab,3,"['Cottage cheese', ' palak', ' cream', ' garam masala', ' butter']",0
107,0.0,0.0,1.0,0.0,0.0,0.0,0.0,0.0,0.0,0.0,0.0,0.0,0.0,0.0,0.0,0.0,0.0,0.0,0.0,0.0,0.0,0.0,0.0,0.0,0.0,0.0,0.0,0.0,0.0,0.0,Paneer butter masala,"Paneer, whipping cream, garam masala, cashew nuts, butter",1,1,40,3,1,Punjab,3,"['Paneer', ' whipping cream', ' garam masala', ' cashew nuts', ' butter']",0
108,0.0,0.0,0.0,0.0,0.0,0.0,0.0,0.0,0.0,0.0,0.0,0.0,0.0,0.0,0.0,0.0,0.0,0.0,0.0,0.0,0.0,0.0,0.0,0.0,0.0,0.0,0.0,0.0,0.0,0.0,Paneer tikka masala,"Paneer, greek yogurt, tandoori masala, cream, bell pepper",1,1,40,3,1,Punjab,3,"['Paneer', ' greek yogurt', ' tandoori masala', ' cream', ' bell pepper']",9
109,0.0,0.0,0.0,0.0,0.0,0.0,0.0,0.0,0.0,0.0,0.0,0.0,0.0,0.0,0.0,0.0,0.0,0.0,0.0,0.0,0.0,0.0,0.0,0.0,0.0,0.0,0.0,0.0,0.0,0.0,Pani puri,"Kala chana, mashed potato, boondi, sev, lemon",1,1,2,3,2,Neutral,2,"['Kala chana', ' mashed potato', ' boondi', ' sev', ' lemon']",9
110,0.0,0.0,0.0,0.0,0.0,0.0,0.0,0.0,0.0,0.0,0.0,0.0,0.0,0.0,0.0,0.0,0.0,1.0,0.0,0.0,0.0,0.0,0.0,0.0,0.0,0.0,0.0,0.0,0.0,0.0,Panjeeri,"Whole wheat flour, musk melon seeds, poppy seeds, edible gum, semolina",1,0,25,4,0,Uttar Pradesh,3,"['Whole wheat flour', ' musk melon seeds', ' poppy seeds', ' edible gum', ' semolina']",1
111,0.0,0.0,0.0,0.0,0.0,0.0,0.0,0.0,0.0,0.0,0.0,0.0,0.0,0.0,0.0,0.0,0.0,0.0,0.0,0.0,0.0,0.0,1.0,0.0,0.0,1.0,0.0,0.0,0.0,0.0,Papad,"Urad dal, sev, lemon juice, chopped tomatoes",1,0,5,3,2,Neutral,2,"['Urad dal', ' sev', ' lemon juice', ' chopped tomatoes']",0
112,0.0,0.0,0.0,0.0,0.0,0.0,0.0,0.0,0.0,0.0,0.0,0.0,0.0,0.0,0.0,0.0,0.0,0.0,0.0,0.0,0.0,0.0,0.0,0.0,1.0,0.0,0.0,0.0,0.0,1.0,Paratha,"Wheat flour, butter, potato, coriander",1,1,45,3,1,Punjab,3,"['Wheat flour', ' butter', ' potato', ' coriander']",9
113,0.0,0.0,0.0,0.0,0.0,0.0,0.0,0.0,0.0,0.0,0.0,0.0,0.0,1.0,0.0,0.0,0.0,0.0,0.0,0.0,0.0,0.0,0.0,0.0,0.0,0.0,0.0,0.0,0.0,0.0,Pattor,"Arbi ke patte, sesame seeds, gur, bengal gram flour, imli",1,0,30,3,1,Rajasthan,6,"['Arbi ke patte', ' sesame seeds', ' gur', ' bengal gram flour', ' imli']",13
114,0.0,0.0,0.0,0.0,0.0,0.0,0.0,0.0,0.0,1.0,0.0,0.0,0.0,0.0,0.0,0.0,0.0,0.0,0.0,0.0,0.0,0.0,0.0,0.0,0.0,0.0,0.0,0.0,0.0,0.0,Pindi chana,"Fennel, tea bags, tomato, kasuri methi, cinnamon",1,2,120,3,1,Punjab,3,"['Fennel', ' tea bags', ' tomato', ' kasuri methi', ' cinnamon']",9
115,0.0,1.0,0.0,0.0,0.0,0.0,0.0,0.0,0.0,1.0,1.0,1.0,0.0,0.0,0.0,0.0,0.0,0.0,0.0,0.0,0.0,0.0,0.0,0.0,0.0,0.0,0.0,0.0,0.0,0.0,Rajma chaval,"Red kidney beans, garam masala powder, ginger, tomato, mustard oil",1,1,90,3,1,Neutral,3,"['Red kidney beans', ' garam masala powder', ' ginger', ' tomato', ' mustard oil']",9
116,0.0,0.0,0.0,0.0,0.0,0.0,0.0,0.0,0.0,1.0,0.0,1.0,0.0,0.0,0.0,0.0,0.0,0.0,0.0,0.0,0.0,0.0,0.0,0.0,0.0,0.0,0.0,0.0,0.0,0.0,Rongi,"Garam masala powder, tomato, kasuri methi, cinnamon, mustard oil",1,0,30,0,1,Punjab,3,"['Garam masala powder', ' tomato', ' kasuri methi', ' cinnamon', ' mustard oil']",7
117,0.0,1.0,1.0,0.0,0.0,0.0,0.0,0.0,0.0,0.0,0.0,0.0,0.0,0.0,0.0,0.0,0.0,0.0,0.0,0.0,0.0,0.0,0.0,0.0,0.0,0.0,0.0,0.0,0.0,0.0,Samosa,"Potatoes, green peas, garam masala, ginger, dough",1,2,30,3,2,Neutral,2,"['Potatoes', ' green peas', ' garam masala', ' ginger', ' dough']",9
118,0.0,0.0,0.0,0.0,0.0,0.0,0.0,0.0,0.0,0.0,0.0,1.0,0.0,0.0,0.0,0.0,0.0,0.0,0.0,0.0,0.0,0.0,0.0,0.0,0.0,0.0,0.0,0.0,0.0,0.0,Sattu ki roti,"Sattu, atta, dough, filling, mustard oil",1,0,20,3,1,Bihar,3,"['Sattu', ' atta', ' dough', ' filling', ' mustard oil']",0
119,0.0,1.0,1.0,0.0,0.0,0.0,0.0,0.0,0.0,1.0,0.0,0.0,0.0,0.0,0.0,0.0,0.0,0.0,0.0,0.0,0.0,0.0,0.0,0.0,0.0,0.0,0.0,0.0,0.0,0.0,Shahi paneer,"Cottage cheese, malai, garam masala, ginger, tomato",1,1,40,3,1,Punjab,3,"['Cottage cheese', ' malai', ' garam masala', ' ginger', ' tomato']",0
120,0.0,0.0,0.0,0.0,0.0,0.0,0.0,0.0,1.0,0.0,0.0,0.0,0.0,0.0,1.0,0.0,0.0,0.0,0.0,0.0,0.0,0.0,0.0,0.0,0.0,0.0,0.0,0.0,0.0,0.0,Shahi tukra,"Rose water, milk, white bread slices, saffron, almonds",1,0,30,4,0,Telangana,5,"['Rose water', ' milk', ' white bread slices', ' saffron', ' almonds']",11
121,0.0,1.0,1.0,0.0,0.0,0.0,0.0,0.0,0.0,0.0,0.0,0.0,0.0,0.0,0.0,0.0,0.0,0.0,0.0,0.0,0.0,0.0,0.0,0.0,0.0,0.0,0.0,0.0,0.0,0.0,Vegetable jalfrezi,"Baby corn, french beans, garam masala, ginger, carrot",1,0,30,3,1,Punjab,3,"['Baby corn', ' french beans', ' garam masala', ' ginger', ' carrot']",0
122,0.0,0.0,1.0,0.0,0.0,0.0,0.0,0.0,0.0,0.0,0.0,1.0,0.0,0.0,0.0,0.0,0.0,0.0,0.0,0.0,0.0,0.0,0.0,0.0,0.0,0.0,0.0,0.0,0.0,0.0,Tandoori Chicken,"Greek yogurt, garam masala, kasuri methi, marinade, mustard oil",0,2,30,3,1,Punjab,3,"['Greek yogurt', ' garam masala', ' kasuri methi', ' marinade', ' mustard oil']",9
123,0.0,0.0,0.0,0.0,0.0,0.0,0.0,0.0,0.0,0.0,0.0,0.0,0.0,0.0,0.0,0.0,0.0,0.0,0.0,0.0,0.0,0.0,0.0,0.0,0.0,0.0,0.0,0.0,0.0,0.0,Tandoori Fish Tikka,"Chickpea flour, biryani masala powder, yogurt, fish fillets, green bell pepper",0,2,30,3,3,Punjab,3,"['Chickpea flour', ' biryani masala powder', ' yogurt', ' fish fillets', ' green bell pepper']",9
124,0.0,1.0,0.0,0.0,0.0,0.0,0.0,0.0,0.0,0.0,0.0,0.0,0.0,0.0,0.0,0.0,0.0,1.0,0.0,0.0,0.0,0.0,0.0,0.0,0.0,0.0,0.0,0.0,0.0,0.0,Attu,"Whole wheat flour, arhar dal, ginger, kala jeera, green chilli",1,2,25,3,2,Andhra Pradesh,5,"['Whole wheat flour', ' arhar dal', ' ginger', ' kala jeera', ' green chilli']",2
125,0.0,0.0,0.0,0.0,0.0,0.0,1.0,0.0,0.0,0.0,0.0,0.0,0.0,0.0,0.0,0.0,0.0,0.0,0.0,0.0,0.0,0.0,0.0,0.0,0.0,0.0,0.0,0.0,0.0,0.0,Avial,"Raw banana, elephant foot yam, long beans, tindora, urad dal",1,2,45,3,1,Kerala,5,"['Raw banana', ' elephant foot yam', ' long beans', ' tindora', ' urad dal']",2
126,0.0,0.0,0.0,0.0,0.0,0.0,1.0,0.0,0.0,0.0,0.0,0.0,0.0,0.0,0.0,0.0,0.0,0.0,0.0,0.0,0.0,0.0,0.0,0.0,0.0,0.0,0.0,0.0,0.0,0.0,Bisi bele bath,"Split pigeon peas, chana dal, urad dal, green peas, french beans",1,2,45,3,1,Karnataka,5,"['Split pigeon peas', ' chana dal', ' urad dal', ' green peas', ' french beans']",2
127,0.0,0.0,0.0,0.0,1.0,0.0,1.0,0.0,0.0,0.0,0.0,0.0,1.0,1.0,0.0,0.0,0.0,0.0,0.0,0.0,0.0,0.0,0.0,0.0,0.0,0.0,0.0,0.0,0.0,0.0,Currivepillai sadam ,"Chana dal, urad dal, fresh coconut, sesame seeds, curry leaves",1,0,20,3,1,Tamil Nadu,5,"['Chana dal', ' urad dal', ' fresh coconut', ' sesame seeds', ' curry leaves']",5
128,0.0,0.0,0.0,0.0,0.0,0.0,1.0,0.0,0.0,0.0,0.0,0.0,1.0,0.0,0.0,0.0,0.0,0.0,0.0,0.0,0.0,0.0,0.0,0.0,0.0,0.0,0.0,0.0,0.0,0.0,Dosa,"Chana dal, urad dal, whole urad dal, blend rice, rock salt",1,2,90,3,2,Neutral,5,"['Chana dal', ' urad dal', ' whole urad dal', ' blend rice', ' rock salt']",2
129,0.0,0.0,0.0,0.0,0.0,0.0,0.0,1.0,0.0,0.0,0.0,0.0,0.0,0.0,0.0,0.0,0.0,0.0,0.0,0.0,0.0,0.0,0.0,0.0,0.0,0.0,0.0,0.0,0.0,0.0,Idiappam,"Rice flour, hot water, grated coconut",1,2,30,3,2,Tamil Nadu,5,"['Rice flour', ' hot water', ' grated coconut']",2
130,0.0,0.0,0.0,0.0,0.0,0.0,1.0,0.0,0.0,0.0,0.0,0.0,0.0,0.0,0.0,0.0,0.0,0.0,0.0,0.0,0.0,0.0,0.0,0.0,0.0,0.0,0.0,0.0,0.0,0.0,Idli,"Split urad dal, urad dal, idli rice, thick poha, rock salt",1,2,90,3,2,Neutral,5,"['Split urad dal', ' urad dal', ' idli rice', ' thick poha', ' rock salt']",2
131,0.0,0.0,0.0,0.0,0.0,0.0,0.0,0.0,0.0,0.0,0.0,0.0,0.0,0.0,0.0,0.0,0.0,0.0,0.0,0.0,0.0,0.0,0.0,0.0,0.0,0.0,0.0,0.0,0.0,0.0,Kanji,"Carrot, yellow mustard, red chilli, black salt",1,0,45,0,2,Kerala,5,"['Carrot', ' yellow mustard', ' red chilli', ' black salt']",4
132,0.0,0.0,0.0,0.0,0.0,0.0,0.0,0.0,0.0,1.0,0.0,0.0,0.0,0.0,0.0,0.0,0.0,0.0,0.0,0.0,0.0,0.0,0.0,0.0,0.0,0.0,0.0,0.0,0.0,0.0,Kaara kozhambu,"Sesame oil, drumstick, tamarind paste, sambar powder, tomato",1,0,0,3,1,Tamil Nadu,5,"['Sesame oil', ' drumstick', ' tamarind paste', ' sambar powder', ' tomato']",5
133,0.0,0.0,0.0,0.0,0.0,0.0,1.0,0.0,0.0,0.0,0.0,0.0,0.0,0.0,0.0,0.0,0.0,0.0,0.0,0.0,0.0,0.0,0.0,0.0,0.0,0.0,0.0,0.0,0.0,0.0,Keerai kootu,"Moong dal, chana dal, spinach, urad dal, coconut oil",1,1,30,3,1,Tamil Nadu,5,"['Moong dal', ' chana dal', ' spinach', ' urad dal', ' coconut oil']",5
134,1.0,0.0,0.0,0.0,1.0,0.0,0.0,0.0,0.0,0.0,0.0,0.0,0.0,0.0,0.0,0.0,0.0,0.0,0.0,0.0,0.0,1.0,0.0,0.0,0.0,1.0,0.0,0.0,0.0,0.0,Keerai masiyal,"Urad dal, curry leaves, sugar, mustard seeds, spinach",1,0,0,3,1,Tamil Nadu,5,"['Urad dal', ' curry leaves', ' sugar', ' mustard seeds', ' spinach']",5
135,0.0,0.0,0.0,0.0,0.0,0.0,0.0,0.0,0.0,1.0,0.0,0.0,0.0,0.0,0.0,0.0,0.0,0.0,0.0,0.0,0.0,1.0,0.0,0.0,0.0,0.0,0.0,0.0,0.0,0.0,Keerai sadam,"Greens, tomato, mustard seeds, fenugreek seeds",1,0,20,3,1,Tamil Nadu,5,"['Greens', ' tomato', ' mustard seeds', ' fenugreek seeds']",5
136,0.0,0.0,0.0,0.0,0.0,0.0,0.0,0.0,0.0,0.0,0.0,0.0,0.0,0.0,0.0,0.0,0.0,0.0,0.0,0.0,0.0,1.0,0.0,0.0,0.0,0.0,0.0,0.0,0.0,0.0,Keerai poriyal,"Amaranth leaves, split urad dal, mustard seeds, grated coconut, red chili",1,1,30,3,1,Tamil Nadu,5,"['Amaranth leaves', ' split urad dal', ' mustard seeds', ' grated coconut', ' red chili']",5
137,0.0,0.0,1.0,0.0,1.0,0.0,0.0,0.0,0.0,0.0,0.0,0.0,0.0,0.0,0.0,0.0,1.0,0.0,0.0,0.0,0.0,0.0,0.0,0.0,0.0,0.0,0.0,0.0,0.0,0.0,Beef Fry,"Beef, coconut, garam masala, curry leaves, green chilies, chili powder",0,0,60,3,1,Kerala,5,"['Beef', ' coconut', ' garam masala', ' curry leaves', ' green chilies', ' chili powder']",5
138,0.0,0.0,0.0,0.0,0.0,0.0,1.0,0.0,0.0,0.0,0.0,0.0,1.0,0.0,0.0,0.0,0.0,0.0,0.0,0.0,0.0,0.0,0.0,0.0,1.0,0.0,0.0,0.0,0.0,0.0,Kootu,"Chana dal, urad dal, potato, beans, peas",1,0,15,3,1,Tamil Nadu,5,"['Chana dal', ' urad dal', ' potato', ' beans', ' peas']",5
139,0.0,0.0,0.0,0.0,1.0,0.0,0.0,0.0,0.0,0.0,0.0,0.0,0.0,0.0,0.0,0.0,0.0,0.0,0.0,0.0,0.0,0.0,0.0,0.0,0.0,0.0,0.0,0.0,0.0,0.0,Kos kootu,"Moong dal, chana dal, cabbage, tamarind, curry leaves",1,0,20,3,1,Tamil Nadu,5,"['Moong dal', ' chana dal', ' cabbage', ' tamarind', ' curry leaves']",5
140,0.0,0.0,0.0,0.0,1.0,0.0,0.0,0.0,0.0,0.0,0.0,0.0,0.0,0.0,0.0,0.0,0.0,0.0,0.0,0.0,0.0,0.0,1.0,0.0,0.0,0.0,0.0,0.0,0.0,0.0,Koshambri,"Moong dal, cucumber, curry leaves, green chili, lemon juice",1,0,20,3,1,Karnataka,5,"['Moong dal', ' cucumber', ' curry leaves', ' green chili', ' lemon juice']",5
141,0.0,0.0,0.0,0.0,1.0,0.0,1.0,0.0,0.0,0.0,0.0,0.0,1.0,0.0,0.0,0.0,0.0,0.0,0.0,0.0,0.0,0.0,0.0,0.0,0.0,0.0,0.0,0.0,0.0,0.0,Kothamali sadam,"Chana dal, urad dal, gooseberry, raw rice, curry leaves",1,0,20,3,1,Tamil Nadu,5,"['Chana dal', ' urad dal', ' gooseberry', ' raw rice', ' curry leaves']",5
142,0.0,0.0,0.0,0.0,0.0,1.0,0.0,0.0,0.0,0.0,0.0,0.0,0.0,0.0,0.0,0.0,0.0,0.0,0.0,0.0,0.0,0.0,0.0,0.0,0.0,0.0,0.0,0.0,0.0,0.0,Kuzhakkattai,"Sesame oil, raw rice, jaggery, grated coconut",1,0,90,3,1,Tamil Nadu,5,"['Sesame oil', ' raw rice', ' jaggery', ' grated coconut']",5
143,0.0,0.0,0.0,0.0,1.0,0.0,1.0,0.0,0.0,1.0,0.0,0.0,0.0,0.0,0.0,0.0,0.0,0.0,0.0,0.0,0.0,0.0,0.0,0.0,0.0,0.0,0.0,0.0,0.0,0.0,Kuzhambu,"Pearl onions, urad dal, drumsticks, tomato, curry leaves",1,0,30,3,1,Tamil Nadu,5,"['Pearl onions', ' urad dal', ' drumsticks', ' tomato', ' curry leaves']",5
144,0.0,0.0,0.0,0.0,0.0,0.0,1.0,0.0,0.0,0.0,0.0,0.0,1.0,0.0,0.0,0.0,0.0,0.0,0.0,0.0,0.0,0.0,0.0,0.0,0.0,0.0,0.0,0.0,0.0,0.0,Masala Dosa,"Chana dal, urad dal, potatoes, idli rice, thick poha",1,2,90,3,2,Neutral,5,"['Chana dal', ' urad dal', ' potatoes', ' idli rice', ' thick poha']",2
145,0.0,0.0,0.0,0.0,1.0,0.0,0.0,0.0,0.0,0.0,0.0,0.0,0.0,0.0,0.0,0.0,0.0,0.0,0.0,0.0,0.0,1.0,0.0,0.0,0.0,0.0,0.0,0.0,0.0,0.0,Pachadi,"Coconut oil, cucumber, curd, curry leaves, mustard seeds",1,0,25,0,1,Neutral,5,"['Coconut oil', ' cucumber', ' curd', ' curry leaves', ' mustard seeds']",4
146,0.0,1.0,0.0,0.0,1.0,0.0,0.0,0.0,0.0,0.0,0.0,0.0,0.0,0.0,0.0,0.0,0.0,0.0,0.0,0.0,0.0,0.0,0.0,0.0,0.0,0.0,1.0,0.0,0.0,0.0,Paniyaram,"Yogurt, ginger, curry leaves, baking soda, green chilli",1,0,20,0,1,Tamil Nadu,5,"['Yogurt', ' ginger', ' curry leaves', ' baking soda', ' green chilli']",4
147,0.0,0.0,0.0,0.0,0.0,0.0,0.0,0.0,0.0,0.0,0.0,0.0,0.0,0.0,0.0,0.0,0.0,0.0,0.0,0.0,0.0,0.0,0.0,0.0,0.0,0.0,0.0,0.0,0.0,0.0,Papadum,"Lentils, black pepper, vegetable oil",1,0,5,3,2,Kerala,5,"['Lentils', ' black pepper', ' vegetable oil']",5
148,0.0,0.0,0.0,0.0,0.0,0.0,0.0,0.0,1.0,0.0,0.0,0.0,0.0,0.0,0.0,0.0,0.0,0.0,0.0,0.0,0.0,0.0,0.0,0.0,0.0,0.0,0.0,0.0,0.0,0.0,Paravannam,"Raw rice,  jaggery, milk",1,0,0,3,1,Kerala,5,"['Raw rice', '  jaggery', ' milk']",5
149,1.0,0.0,0.0,0.0,0.0,0.0,0.0,0.0,1.0,0.0,0.0,0.0,0.0,0.0,0.0,0.0,0.0,0.0,0.0,0.0,0.0,0.0,0.0,0.0,0.0,0.0,0.0,1.0,0.0,0.0,Payasam,"Rice, cashew nuts, milk, raisins, sugar",1,1,30,4,0,Neutral,5,"['Rice', ' cashew nuts', ' milk', ' raisins', ' sugar']",8
150,0.0,0.0,0.0,0.0,1.0,0.0,0.0,0.0,0.0,1.0,0.0,0.0,0.0,0.0,0.0,0.0,0.0,0.0,0.0,0.0,0.0,0.0,0.0,0.0,0.0,0.0,0.0,0.0,0.0,0.0,Paruppu sadam,"Arhar dal, sambar powder, tomato, curry leaves, fennel seeds",1,0,20,0,1,Tamil Nadu,5,"['Arhar dal', ' sambar powder', ' tomato', ' curry leaves', ' fennel seeds']",4
151,0.0,0.0,0.0,0.0,0.0,0.0,0.0,0.0,0.0,0.0,0.0,0.0,0.0,0.0,0.0,0.0,0.0,0.0,0.0,0.0,0.0,0.0,0.0,0.0,0.0,0.0,0.0,0.0,0.0,0.0,Pesarattu,"Green moong beans, rice flour",1,2,20,3,2,Andhra Pradesh,5,"['Green moong beans', ' rice flour']",2
152,0.0,0.0,0.0,0.0,0.0,0.0,1.0,0.0,0.0,0.0,0.0,0.0,1.0,0.0,0.0,0.0,1.0,0.0,0.0,0.0,0.0,0.0,0.0,0.0,0.0,0.0,0.0,0.0,0.0,0.0,Poriyal,"Chana dal, urad dal, beans, coconut, mustard",1,0,0,3,1,Tamil Nadu,5,"['Chana dal', ' urad dal', ' beans', ' coconut', ' mustard']",5
153,0.0,0.0,0.0,0.0,1.0,0.0,0.0,0.0,0.0,0.0,0.0,0.0,0.0,0.0,0.0,0.0,0.0,0.0,0.0,0.0,0.0,0.0,0.0,0.0,0.0,1.0,0.0,0.0,0.0,0.0,Puli sadam,"Urad dal, lemon, tamarind, cooked rice, curry leaves",1,0,20,0,1,Tamil Nadu,5,"['Urad dal', ' lemon', ' tamarind', ' cooked rice', ' curry leaves']",4
154,0.0,0.0,0.0,0.0,1.0,0.0,0.0,0.0,0.0,0.0,0.0,0.0,0.0,0.0,0.0,0.0,0.0,0.0,0.0,0.0,0.0,1.0,0.0,1.0,0.0,0.0,0.0,0.0,0.0,0.0,Rasam,"Tomato, curry leaves, garlic, mustard seeds, hot water",1,0,35,3,1,Neutral,5,"['Tomato', ' curry leaves', ' garlic', ' mustard seeds', ' hot water']",5
155,1.0,0.0,0.0,0.0,0.0,0.0,0.0,0.0,0.0,0.0,0.0,0.0,0.0,0.0,0.0,0.0,0.0,0.0,0.0,0.0,0.0,0.0,0.0,0.0,0.0,0.0,0.0,0.0,0.0,0.0,Puttu,"Brown rice flour, sugar, grated coconut",1,2,40,0,1,Kerala,5,"['Brown rice flour', ' sugar', ' grated coconut']",6
156,0.0,0.0,0.0,0.0,0.0,0.0,0.0,0.0,0.0,0.0,0.0,0.0,0.0,0.0,0.0,0.0,0.0,0.0,0.0,0.0,0.0,0.0,0.0,0.0,0.0,0.0,0.0,0.0,0.0,0.0,Sambar,"Pigeon peas, eggplant, drumsticks, sambar powder, tamarind",1,1,45,3,1,Neutral,5,"['Pigeon peas', ' eggplant', ' drumsticks', ' sambar powder', ' tamarind']",2
157,0.0,0.0,0.0,0.0,1.0,0.0,0.0,0.0,0.0,0.0,0.0,0.0,0.0,0.0,0.0,0.0,0.0,0.0,0.0,0.0,0.0,0.0,0.0,0.0,0.0,0.0,0.0,0.0,0.0,0.0,Sandige,"Thin rice flakes, black sesame seeds, curry leaves",1,2,60,0,1,Karnataka,5,"['Thin rice flakes', ' black sesame seeds', ' curry leaves']",6
158,0.0,0.0,0.0,0.0,0.0,0.0,0.0,0.0,0.0,0.0,0.0,0.0,0.0,0.0,0.0,0.0,0.0,0.0,0.0,0.0,0.0,0.0,0.0,0.0,0.0,0.0,0.0,0.0,0.0,0.0,Sevai,"Sevai, parboiled rice, steamer",1,2,30,0,1,Neutral,5,"['Sevai', ' parboiled rice', ' steamer']",6
159,0.0,1.0,0.0,0.0,1.0,0.0,0.0,0.0,0.0,0.0,0.0,0.0,0.0,0.0,0.0,0.0,0.0,0.0,0.0,0.0,0.0,1.0,0.0,0.0,0.0,1.0,0.0,0.0,0.0,0.0,Thayir sadam,"Urad dal, curd, sesame oil, ginger, curry leaves, mustard seeds",1,0,20,0,1,Tamil Nadu,5,"['Urad dal', ' curd', ' sesame oil', ' ginger', ' curry leaves', ' mustard seeds']",4
160,0.0,0.0,0.0,0.0,0.0,0.0,0.0,0.0,0.0,0.0,0.0,0.0,0.0,0.0,0.0,0.0,0.0,0.0,0.0,0.0,0.0,0.0,0.0,0.0,0.0,0.0,0.0,0.0,0.0,0.0,Theeyal,"Coconut, whole red beans, masala, sesame oil, tamarind",1,1,20,0,1,Kerala,5,"['Coconut', ' whole red beans', ' masala', ' sesame oil', ' tamarind']",6
161,0.0,0.0,0.0,0.0,0.0,0.0,1.0,0.0,0.0,1.0,0.0,0.0,1.0,0.0,0.0,0.0,0.0,0.0,0.0,0.0,0.0,0.0,0.0,0.0,0.0,0.0,0.0,0.0,0.0,0.0,Uttapam,"Chana dal, urad dal, thick poha, tomato, butter",1,0,20,3,2,Neutral,5,"['Chana dal', ' urad dal', ' thick poha', ' tomato', ' butter']",5
162,0.0,1.0,0.0,0.0,1.0,0.0,0.0,0.0,0.0,0.0,0.0,0.0,0.0,0.0,0.0,0.0,0.0,0.0,0.0,0.0,0.0,0.0,0.0,0.0,0.0,1.0,0.0,0.0,0.0,0.0,Vada,"Urad dal, ginger, curry leaves, green chilies, black pepper",1,1,20,3,2,Neutral,5,"['Urad dal', ' ginger', ' curry leaves', ' green chilies', ' black pepper']",2
163,0.0,1.0,0.0,0.0,0.0,0.0,0.0,0.0,0.0,1.0,0.0,0.0,0.0,0.0,0.0,0.0,0.0,0.0,0.0,0.0,0.0,0.0,0.0,0.0,0.0,0.0,0.0,0.0,0.0,0.0,Chicken Varuval,"Meat curry powder, chicken chunks, ginger, tomato, cinnamon",0,0,35,3,1,Tamil Nadu,5,"['Meat curry powder', ' chicken chunks', ' ginger', ' tomato', ' cinnamon']",5
164,1.0,1.0,0.0,0.0,1.0,0.0,1.0,0.0,0.0,0.0,0.0,0.0,1.0,0.0,0.0,0.0,0.0,0.0,0.0,0.0,0.0,0.0,0.0,0.0,0.0,0.0,0.0,0.0,0.0,0.0,Upma,"Chana dal, urad dal, ginger, curry leaves, sugar",1,0,20,3,2,Neutral,2,"['Chana dal', ' urad dal', ' ginger', ' curry leaves', ' sugar']",0
165,0.0,0.0,0.0,0.0,1.0,0.0,0.0,0.0,0.0,0.0,0.0,0.0,0.0,0.0,0.0,0.0,0.0,0.0,0.0,0.0,0.0,1.0,0.0,0.0,0.0,0.0,0.0,0.0,0.0,0.0,Amti,"Kala masala, arhar dal, curry leaves, mustard seeds, hot water",1,0,45,3,1,Maharashtra,6,"['Kala masala', ' arhar dal', ' curry leaves', ' mustard seeds', ' hot water']",13
166,0.0,0.0,0.0,0.0,0.0,0.0,0.0,0.0,0.0,0.0,0.0,0.0,0.0,0.0,0.0,1.0,0.0,0.0,0.0,0.0,0.0,0.0,0.0,1.0,0.0,0.0,0.0,0.0,0.0,0.0,Zunka,"Gram flour, mustard, garlic, turmeric, red chilli",1,0,25,3,1,Maharashtra,6,"['Gram flour', ' mustard', ' garlic', ' turmeric', ' red chilli']",13
167,0.0,1.0,0.0,0.0,0.0,0.0,0.0,0.0,0.0,0.0,0.0,0.0,0.0,0.0,0.0,0.0,0.0,0.0,0.0,0.0,0.0,0.0,0.0,0.0,0.0,0.0,0.0,0.0,0.0,0.0,Kolim Jawla,"Baingan, fish, coconut oil, fresh coconut, ginger",0,0,0,3,1,Maharashtra,6,"['Baingan', ' fish', ' coconut oil', ' fresh coconut', ' ginger']",13
168,0.0,0.0,0.0,0.0,0.0,0.0,0.0,0.0,0.0,0.0,0.0,0.0,0.0,0.0,0.0,0.0,0.0,0.0,0.0,0.0,0.0,0.0,0.0,0.0,0.0,1.0,0.0,0.0,0.0,0.0,Saath,"Urad dal, potatoes, wheat flour, sooji",1,1,40,3,1,Gujarat,6,"['Urad dal', ' potatoes', ' wheat flour', ' sooji']",2
169,0.0,0.0,0.0,0.0,0.0,0.0,0.0,0.0,0.0,0.0,0.0,0.0,0.0,0.0,0.0,0.0,0.0,0.0,0.0,0.0,0.0,0.0,0.0,0.0,0.0,0.0,0.0,0.0,0.0,1.0,Bajri no rotlo,"Wheat flour, pearl millet flour, hot water",1,0,10,3,1,Gujarat,6,"['Wheat flour', ' pearl millet flour', ' hot water']",13
170,0.0,0.0,0.0,0.0,0.0,0.0,0.0,0.0,0.0,0.0,0.0,0.0,0.0,0.0,0.0,0.0,0.0,0.0,0.0,0.0,0.0,0.0,0.0,0.0,0.0,0.0,0.0,0.0,0.0,0.0,Coconut vadi,"Condensed milk, mawa, desiccated coconut, almonds, cashews",1,1,30,4,0,Maharashtra,6,"['Condensed milk', ' mawa', ' desiccated coconut', ' almonds', ' cashews']",8
171,0.0,0.0,0.0,0.0,0.0,0.0,0.0,0.0,0.0,0.0,0.0,0.0,0.0,1.0,0.0,0.0,0.0,0.0,0.0,0.0,0.0,0.0,0.0,0.0,0.0,0.0,0.0,0.0,0.0,0.0,Bhakri,"Jowar flour, sesame seeds",1,1,25,0,1,Maharashtra,6,"['Jowar flour', ' sesame seeds']",4
172,0.0,0.0,0.0,0.0,0.0,0.0,0.0,0.0,0.0,0.0,0.0,0.0,0.0,0.0,0.0,0.0,0.0,0.0,0.0,0.0,0.0,0.0,0.0,0.0,0.0,0.0,0.0,0.0,0.0,0.0,Bombil fry,"Bombay duck, malvani masala, rice flour, bombay rava, green chilies",0,0,0,3,1,Maharashtra,6,"['Bombay duck', ' malvani masala', ' rice flour', ' bombay rava', ' green chilies']",13
173,0.0,0.0,0.0,0.0,0.0,0.0,0.0,1.0,0.0,0.0,0.0,0.0,0.0,0.0,0.0,1.0,0.0,0.0,0.0,0.0,0.0,0.0,0.0,0.0,0.0,0.0,0.0,0.0,0.0,0.0,Chakali,"Rice flour, sesame, plain flour, turmeric, red chilli",1,0,40,3,2,Maharashtra,6,"['Rice flour', ' sesame', ' plain flour', ' turmeric', ' red chilli']",13
174,1.0,0.0,0.0,0.0,0.0,0.0,0.0,0.0,0.0,0.0,0.0,0.0,0.0,0.0,0.0,0.0,0.0,0.0,0.0,0.0,0.0,0.0,0.0,0.0,0.0,0.0,0.0,0.0,0.0,0.0,Chevdo,"Citric acid, fry, raisins, sugar, chana daal",1,1,30,3,2,Gujarat,6,"['Citric acid', ' fry', ' raisins', ' sugar', ' chana daal']",2
175,0.0,0.0,0.0,0.0,0.0,0.0,0.0,0.0,0.0,0.0,0.0,0.0,0.0,0.0,0.0,0.0,0.0,0.0,0.0,0.0,0.0,0.0,0.0,0.0,0.0,1.0,1.0,0.0,0.0,0.0,Chorafali,"Urad dal, bengal gram flour, dried mango, baking soda, black salt",1,0,15,3,2,Gujarat,6,"['Urad dal', ' bengal gram flour', ' dried mango', ' baking soda', ' black salt']",13
176,0.0,0.0,0.0,0.0,0.0,0.0,0.0,0.0,0.0,0.0,0.0,0.0,0.0,0.0,0.0,0.0,0.0,0.0,0.0,0.0,0.0,0.0,0.0,0.0,0.0,0.0,0.0,0.0,0.0,0.0,Copra paak,"Condensed milk, nestle cream, coconut ice, red food coloring, desiccated coconut",1,1,30,0,1,Gujarat,6,"['Condensed milk', ' nestle cream', ' coconut ice', ' red food coloring', ' desiccated coconut']",4
177,0.0,0.0,0.0,0.0,0.0,0.0,0.0,0.0,0.0,0.0,0.0,0.0,0.0,0.0,0.0,0.0,0.0,1.0,0.0,0.0,0.0,0.0,0.0,0.0,0.0,0.0,0.0,0.0,0.0,0.0,Daal Dhokli,"Whole wheat flour, dal, kokum, gur, bengal gram flour",1,1,30,3,1,Gujarat,6,"['Whole wheat flour', ' dal', ' kokum', ' gur', ' bengal gram flour']",2
178,0.0,0.0,0.0,0.0,0.0,0.0,0.0,0.0,0.0,0.0,0.0,0.0,0.0,0.0,0.0,0.0,0.0,0.0,0.0,0.0,0.0,0.0,0.0,0.0,0.0,0.0,0.0,0.0,0.0,0.0,Kutchi dabeli,"Pav, aloo, peanut, pomegranate, star anise",1,2,10,3,2,Gujarat,6,"['Pav', ' aloo', ' peanut', ' pomegranate', ' star anise']",2
179,0.0,0.0,1.0,0.0,0.0,0.0,0.0,0.0,0.0,0.0,0.0,0.0,0.0,0.0,0.0,0.0,0.0,0.0,0.0,0.0,0.0,0.0,0.0,0.0,0.0,1.0,0.0,0.0,0.0,0.0,Dahi vada,"Urad dal, bhuna chana, garam masala, dates, tamarind",1,2,30,0,2,Maharashtra,6,"['Urad dal', ' bhuna chana', ' garam masala', ' dates', ' tamarind']",6
180,0.0,0.0,0.0,0.0,1.0,0.0,0.0,0.0,0.0,0.0,0.0,0.0,0.0,0.0,0.0,0.0,0.0,0.0,0.0,0.0,0.0,1.0,0.0,0.0,0.0,0.0,0.0,0.0,0.0,0.0,Dalithoy,"Arhar dal, coconut oil, curry leaves, mustard seeds, red chilli",1,0,20,0,1,Maharashtra,6,"['Arhar dal', ' coconut oil', ' curry leaves', ' mustard seeds', ' red chilli']",4
181,0.0,0.0,0.0,0.0,0.0,0.0,0.0,0.0,0.0,0.0,0.0,0.0,0.0,0.0,0.0,0.0,1.0,0.0,0.0,0.0,1.0,0.0,0.0,0.0,0.0,0.0,0.0,0.0,0.0,0.0,Dhokla,"Rava, coconut, gram flour, mustard, sesame",1,0,20,3,2,Gujarat,6,"['Rava', ' coconut', ' gram flour', ' mustard', ' sesame']",13
182,1.0,0.0,0.0,0.0,0.0,0.0,0.0,0.0,0.0,0.0,0.0,0.0,0.0,0.0,0.0,0.0,0.0,0.0,1.0,0.0,0.0,0.0,0.0,0.0,0.0,0.0,0.0,0.0,0.0,0.0,Dudhi halwa,"Bottle gourd, green, raisins, sugar, clarified butter",1,1,30,4,0,Gujarat,6,"['Bottle gourd', ' green', ' raisins', ' sugar', ' clarified butter']",8
183,0.0,0.0,0.0,0.0,0.0,0.0,0.0,0.0,0.0,0.0,1.0,0.0,0.0,0.0,0.0,0.0,0.0,0.0,0.0,0.0,1.0,0.0,0.0,0.0,0.0,0.0,0.0,0.0,0.0,0.0,Gatta curry,"Yogurt, besan, sauce, garam masala powder, gram flour",1,0,20,3,1,Rajasthan,6,"['Yogurt', ' besan', ' sauce', ' garam masala powder', ' gram flour']",13
184,0.0,0.0,0.0,0.0,0.0,1.0,0.0,0.0,0.0,0.0,0.0,0.0,0.0,0.0,0.0,0.0,0.0,0.0,1.0,0.0,0.0,0.0,0.0,0.0,0.0,0.0,0.0,0.0,0.0,1.0,Gud papdi,"Wheat flour, jaggery, clarified butter, sliced almonds",1,0,20,4,0,Gujarat,6,"['Wheat flour', ' jaggery', ' clarified butter', ' sliced almonds']",11
185,0.0,0.0,0.0,0.0,0.0,0.0,0.0,0.0,0.0,0.0,0.0,0.0,0.0,0.0,0.0,0.0,0.0,0.0,0.0,0.0,0.0,0.0,0.0,0.0,0.0,0.0,0.0,0.0,0.0,0.0,Ghooghra,"Dry fruits, semolina, all purpose flour",1,0,0,3,2,Gujarat,6,"['Dry fruits', ' semolina', ' all purpose flour']",13
186,0.0,0.0,0.0,0.0,0.0,0.0,1.0,0.0,0.0,0.0,0.0,0.0,0.0,0.0,0.0,0.0,0.0,0.0,0.0,0.0,0.0,0.0,0.0,0.0,0.0,0.0,0.0,0.0,0.0,0.0,Handwo,"Bottle gourd, chana dal, cabbage, urad dal, toor dal",1,1,30,3,2,Gujarat,6,"['Bottle gourd', ' chana dal', ' cabbage', ' urad dal', ' toor dal']",2
187,0.0,0.0,0.0,0.0,0.0,0.0,0.0,0.0,0.0,0.0,0.0,0.0,0.0,0.0,0.0,0.0,0.0,0.0,0.0,0.0,0.0,0.0,0.0,0.0,0.0,0.0,0.0,0.0,0.0,0.0,Halvasan,"Whole wheat rava, chia seed, lemon, edible gum, litre milk",1,0,0,4,0,Gujarat,6,"['Whole wheat rava', ' chia seed', ' lemon', ' edible gum', ' litre milk']",11
188,0.0,0.0,0.0,0.0,0.0,0.0,0.0,0.0,0.0,0.0,0.0,0.0,0.0,0.0,0.0,0.0,0.0,0.0,0.0,0.0,0.0,0.0,1.0,0.0,0.0,0.0,0.0,0.0,0.0,0.0,Jeera Aloo,"Green chilies, lemon juice, chili powder, boiled potatoes",1,0,30,3,1,Gujarat,6,"['Green chilies', ' lemon juice', ' chili powder', ' boiled potatoes']",13
189,0.0,0.0,0.0,0.0,0.0,0.0,0.0,0.0,0.0,0.0,0.0,0.0,0.0,0.0,0.0,0.0,0.0,0.0,0.0,0.0,0.0,0.0,0.0,0.0,0.0,0.0,0.0,0.0,0.0,1.0,Kansar,"Wheat flour, cashews, rapeseed oil",1,0,40,0,1,Gujarat,6,"['Wheat flour', ' cashews', ' rapeseed oil']",4
190,1.0,0.0,0.0,0.0,0.0,0.0,0.0,0.0,0.0,0.0,0.0,0.0,0.0,0.0,0.0,0.0,0.0,0.0,0.0,0.0,0.0,0.0,0.0,0.0,0.0,0.0,0.0,0.0,0.0,0.0,Keri no ras,"Mango, sugar",1,0,10,2,1,Gujarat,6,"['Mango', ' sugar']",13
191,0.0,0.0,0.0,0.0,0.0,0.0,0.0,0.0,0.0,0.0,0.0,0.0,0.0,0.0,0.0,0.0,0.0,1.0,0.0,0.0,0.0,0.0,0.0,0.0,0.0,0.0,0.0,0.0,0.0,0.0,Khakhra,"Whole wheat flour, low fat, bengal gram flour",1,1,40,3,2,Gujarat,6,"['Whole wheat flour', ' low fat', ' bengal gram flour']",2
192,0.0,0.0,0.0,0.0,1.0,0.0,0.0,0.0,0.0,0.0,0.0,0.0,0.0,0.0,0.0,0.0,0.0,0.0,0.0,0.0,1.0,0.0,0.0,0.0,0.0,0.0,0.0,0.0,0.0,0.0,Khandvi,"Green chili paste, white sesame seeds, gram flour, curry leaves, green chili",1,1,45,3,2,Gujarat,6,"['Green chili paste', ' white sesame seeds', ' gram flour', ' curry leaves', ' green chili']",2
193,0.0,0.0,0.0,0.0,0.0,0.0,1.0,1.0,0.0,0.0,0.0,0.0,0.0,0.0,0.0,1.0,0.0,0.0,0.0,0.0,1.0,0.0,0.0,0.0,0.0,0.0,0.0,0.0,0.0,0.0,Kombdi vade,"Rice flour, urad dal, wheat flour, gram flour, turmeric",1,0,25,3,2,Maharashtra,6,"['Rice flour', ' urad dal', ' wheat flour', ' gram flour', ' turmeric']",13
194,0.0,0.0,0.0,0.0,0.0,1.0,0.0,0.0,0.0,0.0,0.0,0.0,0.0,0.0,0.0,0.0,0.0,0.0,1.0,0.0,0.0,0.0,0.0,0.0,0.0,0.0,0.0,0.0,0.0,0.0,Laapsi,"Cinnamon, jaggery, clarified butter, dry roasted",1,0,40,3,1,Madhya Pradesh,0,"['Cinnamon', ' jaggery', ' clarified butter', ' dry roasted']",10
195,0.0,0.0,0.0,0.0,0.0,0.0,0.0,0.0,0.0,0.0,0.0,0.0,0.0,0.0,0.0,0.0,0.0,0.0,0.0,0.0,0.0,0.0,0.0,0.0,0.0,0.0,0.0,0.0,0.0,0.0,Koshimbir,"Cucumber, carrot, tomatoes, cilantro",1,0,10,3,1,Maharashtra,6,"['Cucumber', ' carrot', ' tomatoes', ' cilantro']",13
196,0.0,0.0,0.0,0.0,0.0,0.0,0.0,0.0,0.0,0.0,0.0,0.0,0.0,0.0,0.0,1.0,0.0,0.0,0.0,0.0,1.0,0.0,1.0,0.0,0.0,0.0,0.0,0.0,0.0,0.0,Methi na Gota,"Rava, gram flour, lemon juice, turmeric, fenugreek leaves",1,1,30,1,1,Gujarat,6,"['Rava', ' gram flour', ' lemon juice', ' turmeric', ' fenugreek leaves']",4
197,0.0,0.0,0.0,0.0,0.0,0.0,0.0,0.0,0.0,0.0,0.0,0.0,0.0,0.0,1.0,0.0,0.0,0.0,0.0,0.0,0.0,0.0,0.0,0.0,0.0,0.0,0.0,0.0,0.0,0.0,Mohanthal,"Rose water, pistachio, badam, bengal gram flour, saffron",1,0,45,4,0,Gujarat,6,"['Rose water', ' pistachio', ' badam', ' bengal gram flour', ' saffron']",11
198,0.0,0.0,0.0,0.0,0.0,0.0,0.0,0.0,0.0,0.0,0.0,0.0,0.0,1.0,0.0,0.0,0.0,0.0,0.0,0.0,0.0,0.0,0.0,0.0,0.0,0.0,0.0,0.0,0.0,0.0,Muthiya,"Bottle gourd, whole wheat flour, rava, sesame seeds, bengal gram flour",1,1,30,1,2,Gujarat,6,"['Bottle gourd', ' whole wheat flour', ' rava', ' sesame seeds', ' bengal gram flour']",4
199,0.0,0.0,0.0,0.0,0.0,0.0,0.0,0.0,0.0,0.0,0.0,0.0,0.0,1.0,0.0,0.0,0.0,0.0,0.0,0.0,0.0,0.0,0.0,0.0,0.0,0.0,0.0,0.0,0.0,0.0,Patra,"Arbi ke patte, sesame seeds, gur, bengal gram flour, imli",1,0,40,3,2,Gujarat,6,"['Arbi ke patte', ' sesame seeds', ' gur', ' bengal gram flour', ' imli']",13
200,0.0,0.0,0.0,0.0,0.0,0.0,0.0,0.0,0.0,0.0,0.0,0.0,0.0,0.0,0.0,0.0,0.0,0.0,0.0,0.0,0.0,0.0,0.0,0.0,0.0,0.0,0.0,0.0,0.0,0.0,Pav Bhaji,"Pav bhaji masala, gobi, potatoes, green peas, dinner rolls",1,1,40,3,1,Maharashtra,6,"['Pav bhaji masala', ' gobi', ' potatoes', ' green peas', ' dinner rolls']",2
201,0.0,1.0,0.0,0.0,1.0,0.0,1.0,0.0,0.0,0.0,0.0,0.0,0.0,0.0,0.0,0.0,0.0,0.0,0.0,0.0,0.0,0.0,0.0,0.0,0.0,0.0,0.0,0.0,0.0,0.0,Puri Bhaji,"Aloo, urad dal, mustard, ginger, curry leaves",1,0,30,3,1,Maharashtra,6,"['Aloo', ' urad dal', ' mustard', ' ginger', ' curry leaves']",13
202,0.0,0.0,0.0,0.0,1.0,0.0,0.0,0.0,0.0,0.0,0.0,0.0,0.0,0.0,0.0,0.0,0.0,0.0,0.0,0.0,0.0,0.0,0.0,0.0,0.0,0.0,0.0,0.0,0.0,0.0,Sabudana Khichadi,"Raw peanuts, sabudana, lemon, avocado oil, curry leaves, green chili",1,2,30,3,2,Maharashtra,6,"['Raw peanuts', ' sabudana', ' lemon', ' avocado oil', ' curry leaves', ' green chili']",2
203,0.0,0.0,0.0,0.0,0.0,0.0,0.0,0.0,0.0,0.0,0.0,0.0,0.0,0.0,0.0,0.0,0.0,0.0,0.0,0.0,0.0,0.0,0.0,1.0,0.0,0.0,0.0,0.0,0.0,0.0,Sev khamani,"Khaman, pomegranate, sev, powdered sugar, garlic",1,1,30,3,1,Gujarat,6,"['Khaman', ' pomegranate', ' sev', ' powdered sugar', ' garlic']",2
204,1.0,1.0,0.0,0.0,0.0,0.0,0.0,0.0,0.0,1.0,0.0,0.0,0.0,0.0,0.0,0.0,0.0,0.0,0.0,0.0,0.0,0.0,0.0,0.0,0.0,0.0,0.0,0.0,0.0,0.0,Sev tameta,"Sev, ginger, tomato, sugar",1,1,30,3,1,Gujarat,6,"['Sev', ' ginger', ' tomato', ' sugar']",2
205,0.0,0.0,0.0,0.0,0.0,0.0,0.0,0.0,0.0,0.0,0.0,0.0,0.0,0.0,0.0,0.0,0.0,0.0,0.0,0.0,0.0,0.0,0.0,0.0,0.0,0.0,1.0,0.0,0.0,1.0,Namakpara,"Wheat flour, baking soda, all purpose flour, black pepper, sunflower oil",1,0,35,3,2,Gujarat,6,"['Wheat flour', ' baking soda', ' all purpose flour', ' black pepper', ' sunflower oil']",13
206,0.0,0.0,0.0,0.0,0.0,0.0,0.0,0.0,0.0,0.0,0.0,0.0,0.0,0.0,0.0,0.0,0.0,1.0,1.0,0.0,0.0,0.0,0.0,0.0,0.0,0.0,0.0,0.0,0.0,0.0,Sukhdi,"Whole wheat flour, gur, clarified butter",1,0,20,4,0,Maharashtra,6,"['Whole wheat flour', ' gur', ' clarified butter']",11
207,0.0,0.0,0.0,0.0,0.0,1.0,0.0,0.0,0.0,0.0,0.0,0.0,0.0,0.0,0.0,0.0,0.0,0.0,0.0,0.0,0.0,0.0,0.0,0.0,0.0,0.0,0.0,0.0,0.0,0.0,Surnoli,"Rice flakes, yogurt, raw rice, jaggery, grated coconut",1,2,10,3,2,Maharashtra,6,"['Rice flakes', ' yogurt', ' raw rice', ' jaggery', ' grated coconut']",2
208,0.0,0.0,0.0,0.0,0.0,0.0,0.0,0.0,0.0,0.0,0.0,0.0,0.0,1.0,0.0,0.0,0.0,1.0,0.0,0.0,0.0,0.0,0.0,0.0,0.0,0.0,0.0,0.0,0.0,0.0,Thalipeeth,"Whole wheat flour, rice flour, pearl millet flour, sorghum flour, sesame seeds",1,1,30,3,1,Maharashtra,6,"['Whole wheat flour', ' rice flour', ' pearl millet flour', ' sorghum flour', ' sesame seeds']",2
209,0.0,0.0,0.0,0.0,0.0,0.0,0.0,0.0,0.0,0.0,0.0,0.0,0.0,0.0,0.0,0.0,0.0,0.0,0.0,0.0,0.0,0.0,0.0,0.0,0.0,0.0,0.0,0.0,0.0,0.0,Undhiyu,"Sweet potato, surti papdi, baby potatoes, valor papdi, green peas",1,1,60,3,1,Gujarat,6,"['Sweet potato', ' surti papdi', ' baby potatoes', ' valor papdi', ' green peas']",2
210,0.0,0.0,0.0,0.0,0.0,0.0,0.0,0.0,0.0,0.0,0.0,0.0,0.0,0.0,0.0,0.0,1.0,0.0,0.0,0.0,0.0,0.0,0.0,0.0,1.0,0.0,0.0,0.0,0.0,0.0,Veg Kolhapuri,"Gobi, potato, beans, khus khus, coconut",1,1,30,3,1,Maharashtra,6,"['Gobi', ' potato', ' beans', ' khus khus', ' coconut']",2
211,0.0,1.0,0.0,0.0,0.0,0.0,0.0,0.0,0.0,0.0,0.0,0.0,0.0,0.0,0.0,0.0,0.0,0.0,0.0,0.0,0.0,0.0,0.0,0.0,0.0,0.0,0.0,0.0,0.0,0.0,Vindaloo,"Chicken, coconut oil, wine vinegar, ginger, green, cinnamon",0,0,40,3,1,Goa,6,"['Chicken', ' coconut oil', ' wine vinegar', ' ginger', ' green', ' cinnamon']",13
212,0.0,1.0,0.0,0.0,0.0,0.0,0.0,0.0,0.0,0.0,0.0,0.0,0.0,0.0,0.0,0.0,0.0,0.0,0.0,0.0,0.0,0.0,1.0,0.0,0.0,0.0,0.0,0.0,0.0,0.0,Lilva Kachori,"Green garlic chutney, fresh green peas, ginger, lemon juice, plain flour",1,2,6,3,2,Gujarat,6,"['Green garlic chutney', ' fresh green peas', ' ginger', ' lemon juice', ' plain flour']",2
213,0.0,0.0,0.0,0.0,0.0,1.0,0.0,0.0,0.0,0.0,0.0,0.0,0.0,0.0,0.0,0.0,0.0,0.0,0.0,0.0,0.0,0.0,0.0,0.0,0.0,0.0,0.0,0.0,1.0,0.0,Mag Dhokli,"Moong beans, jaggery, red chillies, oil, salt",1,0,0,3,2,Gujarat,6,"['Moong beans', ' jaggery', ' red chillies', ' oil', ' salt']",13
214,0.0,0.0,0.0,0.0,0.0,0.0,0.0,1.0,0.0,0.0,0.0,0.0,0.0,1.0,0.0,0.0,0.0,0.0,0.0,0.0,0.0,0.0,0.0,0.0,0.0,0.0,1.0,0.0,0.0,0.0,Khichu,"Rice flour, sesame seeds, baking soda, peanut oil",1,0,10,3,2,Gujarat,6,"['Rice flour', ' sesame seeds', ' baking soda', ' peanut oil']",13
215,0.0,0.0,0.0,0.0,0.0,0.0,0.0,0.0,0.0,0.0,0.0,0.0,0.0,0.0,0.0,0.0,0.0,0.0,0.0,0.0,0.0,0.0,0.0,0.0,0.0,0.0,0.0,0.0,0.0,0.0,Thepla,"Chickpea flour, methi leaves, jowar flour, wheat flour",1,1,30,3,2,Gujarat,6,"['Chickpea flour', ' methi leaves', ' jowar flour', ' wheat flour']",2
216,0.0,0.0,0.0,0.0,0.0,0.0,0.0,0.0,0.0,0.0,0.0,0.0,0.0,0.0,0.0,0.0,0.0,0.0,1.0,0.0,0.0,0.0,0.0,0.0,0.0,0.0,0.0,0.0,0.0,0.0,Farsi Puri,"Semolina, clarified butter, oil, white flour, black pepper",1,0,0,0,2,Gujarat,6,"['Semolina', ' clarified butter', ' oil', ' white flour', ' black pepper']",4
217,0.0,0.0,0.0,0.0,0.0,0.0,0.0,0.0,0.0,0.0,0.0,0.0,0.0,1.0,0.0,0.0,0.0,0.0,0.0,0.0,1.0,0.0,0.0,0.0,0.0,0.0,0.0,0.0,0.0,0.0,Khaman,"Yogurt, fresh coconut, sesame seeds, semolina, gram flour",1,0,20,3,2,Gujarat,6,"['Yogurt', ' fresh coconut', ' sesame seeds', ' semolina', ' gram flour']",13
218,1.0,0.0,0.0,0.0,0.0,0.0,0.0,0.0,0.0,0.0,0.0,0.0,0.0,0.0,0.0,0.0,0.0,0.0,0.0,0.0,0.0,0.0,0.0,0.0,0.0,0.0,1.0,0.0,0.0,0.0,Turiya Patra Vatana sabji,"Ridge gourd, baking soda, sugar, grated coconut, peas",1,2,40,3,1,Gujarat,6,"['Ridge gourd', ' baking soda', ' sugar', ' grated coconut', ' peas']",2
219,0.0,0.0,0.0,0.0,0.0,0.0,0.0,0.0,0.0,0.0,0.0,0.0,0.0,1.0,0.0,0.0,0.0,1.0,0.0,0.0,0.0,0.0,0.0,0.0,0.0,0.0,0.0,0.0,0.0,0.0,Churma Ladoo,"Whole wheat flour, khus khus, sesame seeds, dry coconut, gur",1,1,40,4,0,Rajasthan,6,"['Whole wheat flour', ' khus khus', ' sesame seeds', ' dry coconut', ' gur']",8
220,0.0,0.0,0.0,0.0,0.0,0.0,0.0,0.0,0.0,0.0,0.0,0.0,0.0,0.0,0.0,0.0,0.0,0.0,0.0,0.0,0.0,0.0,0.0,0.0,0.0,0.0,0.0,1.0,0.0,0.0,Cheera Doi,"Rice, mango, curd",1,0,0,4,0,West Bengal,1,"['Rice', ' mango', ' curd']",12
221,0.0,0.0,0.0,0.0,0.0,1.0,0.0,0.0,0.0,0.0,0.0,0.0,0.0,0.0,0.0,0.0,0.0,0.0,0.0,0.0,0.0,0.0,0.0,0.0,0.0,0.0,0.0,0.0,0.0,0.0,Gheela Pitha,"Sticky rice, rice flour, jaggery, orange rind",1,0,30,4,0,Assam,4,"['Sticky rice', ' rice flour', ' jaggery', ' orange rind']",1
222,0.0,0.0,0.0,0.0,0.0,0.0,0.0,0.0,0.0,0.0,0.0,1.0,0.0,0.0,0.0,0.0,0.0,0.0,0.0,0.0,0.0,0.0,0.0,0.0,0.0,0.0,0.0,0.0,0.0,0.0,Khar,"Raw papaya, panch phoran masala, nigella seeds, mustard oil, fennel seeds",1,0,20,0,1,Assam,4,"['Raw papaya', ' panch phoran masala', ' nigella seeds', ' mustard oil', ' fennel seeds']",7
223,0.0,0.0,0.0,0.0,0.0,0.0,0.0,0.0,0.0,0.0,0.0,0.0,0.0,0.0,0.0,0.0,0.0,0.0,0.0,0.0,0.0,0.0,0.0,0.0,0.0,0.0,0.0,1.0,0.0,0.0,Kumol Sawul,"Rice, eggs, carrot, beetroot",0,0,0,3,1,Assam,4,"['Rice', ' eggs', ' carrot', ' beetroot']",14
224,0.0,0.0,0.0,0.0,0.0,0.0,0.0,0.0,0.0,0.0,0.0,0.0,0.0,0.0,0.0,0.0,0.0,0.0,0.0,0.0,0.0,0.0,0.0,0.0,0.0,0.0,0.0,0.0,0.0,0.0,Luchi,"Maida, vegetable oil",1,1,30,0,1,West Bengal,1,"['Maida', ' vegetable oil']",7
225,0.0,0.0,0.0,0.0,0.0,0.0,0.0,0.0,0.0,0.0,0.0,1.0,0.0,0.0,0.0,0.0,0.0,0.0,0.0,0.0,0.0,0.0,0.0,0.0,0.0,0.0,0.0,0.0,0.0,0.0,Alu Pitika,"Potatoes, mustard oil, fish, green chillies",0,0,20,3,1,Assam,4,"['Potatoes', ' mustard oil', ' fish', ' green chillies']",14
226,0.0,0.0,0.0,0.0,0.0,0.0,0.0,0.0,0.0,0.0,0.0,1.0,0.0,0.0,0.0,0.0,0.0,0.0,0.0,0.0,0.0,0.0,0.0,0.0,0.0,0.0,0.0,0.0,0.0,0.0,Masor tenga,"Ridge gourd, fish, lemon, tomatoes, mustard oil",0,1,25,3,1,Assam,4,"['Ridge gourd', ' fish', ' lemon', ' tomatoes', ' mustard oil']",14
227,0.0,0.0,0.0,0.0,0.0,0.0,0.0,0.0,0.0,0.0,0.0,0.0,0.0,1.0,0.0,0.0,0.0,0.0,0.0,0.0,0.0,0.0,0.0,0.0,0.0,0.0,0.0,0.0,1.0,0.0,Bengena Pitika,"Brinjal, onions, salt, sesame seeds, coriander",1,0,0,0,1,Assam,4,"['Brinjal', ' onions', ' salt', ' sesame seeds', ' coriander']",7
228,0.0,0.0,1.0,0.0,0.0,0.0,0.0,0.0,0.0,0.0,0.0,1.0,0.0,0.0,0.0,0.0,0.0,0.0,0.0,0.0,0.0,0.0,0.0,0.0,0.0,0.0,0.0,0.0,0.0,0.0,Bilahi Maas,"Potatoes, garam masala, tomatoes, mustard oil, bay leaf",0,0,20,0,1,Assam,4,"['Potatoes', ' garam masala', ' tomatoes', ' mustard oil', ' bay leaf']",7
229,0.0,0.0,0.0,0.0,0.0,0.0,0.0,0.0,0.0,0.0,0.0,0.0,0.0,0.0,0.0,0.0,0.0,0.0,0.0,0.0,0.0,0.0,0.0,0.0,0.0,0.0,0.0,0.0,0.0,0.0,Black rice,"Forbidden black rice, chicken, olive oil, slivered almonds, garlic powder",0,0,0,0,1,Manipur,4,"['Forbidden black rice', ' chicken', ' olive oil', ' slivered almonds', ' garlic powder']",7
230,0.0,0.0,0.0,0.0,0.0,0.0,0.0,0.0,0.0,0.0,0.0,0.0,0.0,0.0,0.0,0.0,0.0,0.0,0.0,0.0,0.0,1.0,0.0,0.0,0.0,0.0,0.0,0.0,0.0,0.0,Bora Sawul,"Biryani masala, mixed vegetables, yellow moong daal, whole red, mustard seeds",1,0,0,3,1,Assam,4,"['Biryani masala', ' mixed vegetables', ' yellow moong daal', ' whole red', ' mustard seeds']",5
231,0.0,0.0,0.0,0.0,0.0,0.0,0.0,0.0,0.0,0.0,0.0,0.0,0.0,0.0,0.0,0.0,0.0,0.0,0.0,0.0,0.0,0.0,0.0,0.0,0.0,0.0,0.0,0.0,0.0,0.0,Brown Rice,"Brown rice, soy sauce, olive oil",1,1,25,0,1,Neutral,2,"['Brown rice', ' soy sauce', ' olive oil']",7
232,0.0,1.0,0.0,0.0,0.0,0.0,0.0,0.0,0.0,0.0,0.0,0.0,0.0,0.0,0.0,0.0,0.0,0.0,0.0,0.0,0.0,0.0,0.0,0.0,0.0,0.0,0.0,0.0,0.0,0.0,Chingri malai curry,"Coconut milk, lobster, fresh green chilli, ginger, red onion",0,0,40,3,1,West Bengal,1,"['Coconut milk', ' lobster', ' fresh green chilli', ' ginger', ' red onion']",10
233,0.0,0.0,0.0,0.0,0.0,0.0,0.0,0.0,0.0,0.0,0.0,0.0,0.0,0.0,0.0,0.0,0.0,0.0,1.0,0.0,0.0,0.0,0.0,0.0,0.0,0.0,0.0,0.0,0.0,0.0,Goja,"Baking soda, clarified butter, oil, all purpose flour",1,1,60,4,0,West Bengal,1,"['Baking soda', ' clarified butter', ' oil', ' all purpose flour']",3
234,0.0,0.0,0.0,0.0,0.0,0.0,0.0,0.0,0.0,0.0,0.0,0.0,0.0,0.0,0.0,0.0,0.0,0.0,0.0,0.0,0.0,0.0,0.0,0.0,0.0,0.0,0.0,0.0,0.0,0.0,Hando Guri,"Jaggery, raisins",1,0,0,4,0,Assam,4,"['Jaggery', ' raisins']",1
235,0.0,0.0,0.0,0.0,0.0,0.0,0.0,0.0,0.0,0.0,1.0,0.0,0.0,0.0,0.0,1.0,0.0,0.0,0.0,0.0,0.0,0.0,0.0,0.0,0.0,0.0,0.0,0.0,0.0,0.0,Haq Maas,"Lamb, garam masala powder, curd, turmeric, bay leaf",0,1,40,3,1,Assam,4,"['Lamb', ' garam masala powder', ' curd', ' turmeric', ' bay leaf']",14
236,0.0,0.0,0.0,0.0,0.0,0.0,0.0,0.0,0.0,0.0,0.0,0.0,0.0,0.0,0.0,0.0,0.0,0.0,0.0,0.0,0.0,0.0,0.0,0.0,0.0,0.0,0.0,0.0,0.0,0.0,Chingri Bhape,"Coconut, prawns, curd, mustard seed, green chili",0,1,30,0,1,West Bengal,1,"['Coconut', ' prawns', ' curd', ' mustard seed', ' green chili']",7
237,0.0,1.0,0.0,0.0,0.0,0.0,0.0,0.0,0.0,0.0,0.0,0.0,0.0,0.0,0.0,0.0,0.0,0.0,0.0,0.0,0.0,0.0,0.0,0.0,0.0,0.0,0.0,0.0,0.0,0.0,Kabiraji,"Fish fillet, besan, lemon, mint, ginger",0,0,0,3,1,West Bengal,1,"['Fish fillet', ' besan', ' lemon', ' mint', ' ginger']",10
238,0.0,1.0,0.0,0.0,0.0,0.0,0.0,0.0,0.0,0.0,0.0,1.0,0.0,0.0,0.0,0.0,0.0,0.0,0.0,0.0,0.0,0.0,0.0,0.0,1.0,0.0,0.0,0.0,0.0,0.0,Khorisa,"Fermented bamboo shoot, potato, ginger, green, mustard oil",1,0,0,3,1,Assam,4,"['Fermented bamboo shoot', ' potato', ' ginger', ' green', ' mustard oil']",14
239,0.0,0.0,0.0,0.0,0.0,0.0,0.0,0.0,0.0,0.0,0.0,1.0,0.0,0.0,0.0,0.0,0.0,0.0,0.0,0.0,0.0,0.0,1.0,0.0,0.0,0.0,0.0,0.0,0.0,0.0,Koldil Chicken,"Banana flower, chicken, green chili, mustard oil, lemon juice",0,0,0,3,1,Assam,4,"['Banana flower', ' chicken', ' green chili', ' mustard oil', ' lemon juice']",14
240,0.0,0.0,0.0,0.0,0.0,0.0,0.0,0.0,0.0,0.0,0.0,1.0,0.0,0.0,0.0,0.0,0.0,0.0,0.0,0.0,0.0,0.0,0.0,0.0,0.0,0.0,0.0,0.0,0.0,0.0,Konir Dom,"Aloo, tomatoes, mustard oil, bay leaf, cinnamon stick",0,0,0,3,1,Assam,4,"['Aloo', ' tomatoes', ' mustard oil', ' bay leaf', ' cinnamon stick']",14
241,0.0,0.0,0.0,0.0,0.0,0.0,0.0,1.0,0.0,0.0,0.0,0.0,0.0,0.0,0.0,0.0,0.0,0.0,0.0,0.0,1.0,0.0,0.0,0.0,0.0,0.0,0.0,0.0,0.0,0.0,Koldil Duck,"Rice flour, mutton, banana, gram flour, olive oil, baking powder",0,0,0,3,1,Assam,4,"['Rice flour', ' mutton', ' banana', ' gram flour', ' olive oil', ' baking powder']",14
242,0.0,0.0,0.0,0.0,0.0,0.0,0.0,0.0,0.0,1.0,0.0,1.0,0.0,0.0,0.0,1.0,0.0,0.0,0.0,0.0,0.0,0.0,0.0,0.0,0.0,0.0,0.0,0.0,0.0,0.0,Masor Koni,"Fish roe, pumpkin flowers, mustard oil, turmeric, tomato",0,0,0,3,1,Assam,4,"['Fish roe', ' pumpkin flowers', ' mustard oil', ' turmeric', ' tomato']",14
243,0.0,1.0,0.0,0.0,0.0,0.0,0.0,0.0,0.0,0.0,0.0,0.0,1.0,0.0,0.0,0.0,0.0,0.0,0.0,0.0,0.0,0.0,0.0,0.0,0.0,0.0,0.0,0.0,0.0,0.0,Mishti Chholar Dal,"Chana dal, fresh coconut, ginger, cinnamon, raisins",1,0,30,4,1,West Bengal,1,"['Chana dal', ' fresh coconut', ' ginger', ' cinnamon', ' raisins']",10
244,0.0,0.0,0.0,0.0,1.0,0.0,0.0,0.0,0.0,0.0,0.0,0.0,0.0,0.0,0.0,0.0,0.0,0.0,0.0,0.0,0.0,0.0,0.0,0.0,0.0,0.0,0.0,0.0,0.0,0.0,Pakhala,"Curd, cooked rice, curry leaves, dry chilli",1,0,0,0,1,Odisha,1,"['Curd', ' cooked rice', ' curry leaves', ' dry chilli']",7
245,0.0,0.0,0.0,0.0,0.0,0.0,0.0,0.0,0.0,0.0,0.0,0.0,0.0,0.0,0.0,0.0,0.0,0.0,0.0,0.0,0.0,0.0,0.0,0.0,0.0,0.0,0.0,0.0,0.0,0.0,Pani Pitha,"Tea leaves, white sesame seeds, dry coconut, soaked rice",1,0,20,0,1,Assam,4,"['Tea leaves', ' white sesame seeds', ' dry coconut', ' soaked rice']",7
246,1.0,0.0,0.0,0.0,0.0,0.0,0.0,0.0,0.0,0.0,0.0,0.0,0.0,0.0,0.0,0.0,0.0,0.0,1.0,0.0,0.0,0.0,0.0,0.0,0.0,0.0,0.0,0.0,0.0,0.0,Payokh,"Basmati rice, rose water, sugar, clarified butter, cardamom pods",1,0,0,4,0,Assam,4,"['Basmati rice', ' rose water', ' sugar', ' clarified butter', ' cardamom pods']",1
247,1.0,0.0,0.0,0.0,0.0,0.0,0.0,0.0,0.0,0.0,0.0,0.0,0.0,0.0,0.0,1.0,0.0,0.0,0.0,0.0,0.0,0.0,0.0,1.0,0.0,0.0,0.0,0.0,0.0,0.0,Prawn malai curry,"Coconut milk, prawns, garlic, turmeric, sugar",0,1,50,3,1,West Bengal,1,"['Coconut milk', ' prawns', ' garlic', ' turmeric', ' sugar']",10
248,0.0,0.0,0.0,0.0,0.0,0.0,0.0,0.0,0.0,0.0,0.0,0.0,0.0,0.0,0.0,0.0,0.0,0.0,0.0,0.0,0.0,0.0,0.0,0.0,0.0,0.0,0.0,0.0,0.0,0.0,Red Rice,"Red pepper, red onion, butter, watercress, olive oil",1,0,0,0,1,Neutral,2,"['Red pepper', ' red onion', ' butter', ' watercress', ' olive oil']",7
249,0.0,0.0,0.0,0.0,0.0,0.0,0.0,0.0,0.0,0.0,0.0,0.0,0.0,0.0,0.0,0.0,0.0,0.0,0.0,0.0,0.0,0.0,0.0,0.0,0.0,0.0,0.0,0.0,0.0,0.0,Shukto,"Green beans, bitter gourd, ridge gourd, banana, brinjal",1,0,20,3,1,West Bengal,1,"['Green beans', ' bitter gourd', ' ridge gourd', ' banana', ' brinjal']",10
250,0.0,0.0,0.0,0.0,0.0,0.0,0.0,0.0,0.0,0.0,0.0,0.0,0.0,0.0,0.0,0.0,0.0,0.0,0.0,0.0,0.0,0.0,0.0,0.0,0.0,0.0,0.0,0.0,0.0,0.0,Til Pitha,"Glutinous rice, black sesame seeds, gur",1,0,30,4,0,Assam,4,"['Glutinous rice', ' black sesame seeds', ' gur']",1
251,0.0,0.0,0.0,0.0,0.0,0.0,0.0,0.0,0.0,0.0,0.0,0.0,0.0,0.0,0.0,0.0,0.0,0.0,1.0,0.0,0.0,0.0,0.0,0.0,0.0,0.0,0.0,0.0,0.0,0.0,Bebinca,"Coconut milk, egg yolks, clarified butter, all purpose flour",1,1,60,4,0,Goa,6,"['Coconut milk', ' egg yolks', ' clarified butter', ' all purpose flour']",8
252,0.0,0.0,0.0,0.0,0.0,0.0,0.0,0.0,0.0,0.0,0.0,0.0,0.0,0.0,0.0,0.0,0.0,0.0,0.0,0.0,0.0,0.0,0.0,0.0,0.0,0.0,0.0,0.0,0.0,0.0,Shufta,"Cottage cheese, dry dates, dried rose petals, pistachio, badam",1,0,0,4,0,Jammu & Kashmir,3,"['Cottage cheese', ' dry dates', ' dried rose petals', ' pistachio', ' badam']",1
253,0.0,0.0,0.0,0.0,0.0,0.0,0.0,0.0,0.0,0.0,0.0,0.0,0.0,0.0,0.0,0.0,0.0,0.0,0.0,0.0,0.0,0.0,0.0,0.0,0.0,0.0,0.0,0.0,0.0,0.0,Mawa Bati,"Milk powder, dry fruits, arrowroot powder, all purpose flour",1,1,45,4,0,Madhya Pradesh,0,"['Milk powder', ' dry fruits', ' arrowroot powder', ' all purpose flour']",3
254,0.0,0.0,0.0,0.0,0.0,0.0,0.0,0.0,0.0,0.0,0.0,0.0,0.0,0.0,0.0,0.0,0.0,0.0,0.0,0.0,0.0,0.0,0.0,0.0,0.0,0.0,0.0,0.0,0.0,0.0,Pinaca,"Brown rice, fennel seeds, grated coconut, black pepper, ginger powder",1,0,0,4,0,Goa,6,"['Brown rice', ' fennel seeds', ' grated coconut', ' black pepper', ' ginger powder']",11
